time=2026-06-16T10:25:36.876+02:00 level=INFO msg="metal: framework initialized"
time=2026-06-16T10:25:36.876+02:00 level=INFO msg="metal: instance created"
time=2026-06-16T10:25:36.877+02:00 level=DEBUG msg="metal: enumerating adapters" count=1
time=2026-06-16T10:25:36.877+02:00 level=INFO msg="metal: adapter found" name="Apple M3" type=DiscreteGPU lowPower=false removable=false headless=false maxBuffer=8589934592 depth24Stencil8=false
time=2026-06-16T10:25:36.877+02:00 level=INFO msg="wgpu: adapter selected" name="Apple M3" backend=Metal type=DiscreteGPU
2026/06/16 10:25:36 INFO adapter selected name="Apple M3" type=DiscreteGPU
time=2026-06-16T10:25:36.877+02:00 level=INFO msg="metal: device created" name="Apple M3"
time=2026-06-16T10:25:36.877+02:00 level=DEBUG msg="metal: adapter opened" maxFramesInFlight=2 blockSupport=true
time=2026-06-16T10:25:36.878+02:00 level=DEBUG msg="metal: WGSL→MSL compilation" elapsed=475.542µs mslBytes=1460
time=2026-06-16T10:25:36.878+02:00 level=INFO msg="metal: shader module compiled" entryPoints=1
time=2026-06-16T10:25:36.880+02:00 level=DEBUG msg="metal: compute pipeline created" entryPoint=main workgroupSize=1x1x1
time=2026-06-16T10:25:36.880+02:00 level=INFO msg="metal: surface configured" width=1600 height=1800 format=BGRA8Unorm presentMode=Fifo vsync=true
time=2026-06-16T10:25:36.917+02:00 level=DEBUG msg="metal: WGSL→MSL compilation" elapsed=499.458µs mslBytes=4670
time=2026-06-16T10:25:36.917+02:00 level=INFO msg="metal: shader module compiled" entryPoints=1
time=2026-06-16T10:25:36.917+02:00 level=DEBUG msg="metal: compute pipeline created" entryPoint=main workgroupSize=256x1x1
time=2026-06-16T10:25:36.917+02:00 level=DEBUG msg="metal: WGSL→MSL compilation" elapsed=229.916µs mslBytes=5954
time=2026-06-16T10:25:36.917+02:00 level=INFO msg="metal: shader module compiled" entryPoints=1
time=2026-06-16T10:25:36.918+02:00 level=DEBUG msg="metal: compute pipeline created" entryPoint=main workgroupSize=256x1x1
time=2026-06-16T10:25:36.918+02:00 level=DEBUG msg="metal: WGSL→MSL compilation" elapsed=131.542µs mslBytes=4011
time=2026-06-16T10:25:36.918+02:00 level=INFO msg="metal: shader module compiled" entryPoints=1
time=2026-06-16T10:25:36.918+02:00 level=DEBUG msg="metal: compute pipeline created" entryPoint=main workgroupSize=256x1x1
time=2026-06-16T10:25:36.918+02:00 level=DEBUG msg="metal: WGSL→MSL compilation" elapsed=155.75µs mslBytes=6089
time=2026-06-16T10:25:36.918+02:00 level=INFO msg="metal: shader module compiled" entryPoints=1
time=2026-06-16T10:25:36.918+02:00 level=DEBUG msg="metal: compute pipeline created" entryPoint=main workgroupSize=256x1x1
time=2026-06-16T10:25:36.919+02:00 level=DEBUG msg="metal: WGSL→MSL compilation" elapsed=587.375µs mslBytes=13145
time=2026-06-16T10:25:36.957+02:00 level=DEBUG msg="metal: command encoder created" label="(wgpu internal) pending writes"
time=2026-06-16T10:25:36.957+02:00 level=DEBUG msg="metal: encoding started" label="(wgpu internal) pending writes"
time=2026-06-16T10:25:36.957+02:00 level=DEBUG msg="metal: WGSL→MSL compilation" elapsed=191.75µs mslBytes=2474
time=2026-06-16T10:25:36.957+02:00 level=INFO msg="metal: shader module compiled" entryPoints=0
time=2026-06-16T10:25:36.958+02:00 level=DEBUG msg="metal: render pipeline created" label=glyph_mask_pipeline_with_stencil vertexEntry=vs_main sampleCount=4
time=2026-06-16T10:25:36.967+02:00 level=DEBUG msg="metal: WGSL→MSL compilation" elapsed=9.591084ms mslBytes=7529
time=2026-06-16T10:25:36.967+02:00 level=INFO msg="metal: shader module compiled" entryPoints=0
time=2026-06-16T10:25:36.977+02:00 level=DEBUG msg="metal: render pipeline created" label=sdf_render_pipeline vertexEntry=vs_main sampleCount=4
time=2026-06-16T10:25:36.977+02:00 level=DEBUG msg="metal: render pipeline created" label=sdf_render_pipeline_with_stencil vertexEntry=vs_main sampleCount=4
time=2026-06-16T10:25:36.980+02:00 level=DEBUG msg="metal: WGSL→MSL compilation" elapsed=2.874375ms mslBytes=3805
time=2026-06-16T10:25:36.980+02:00 level=INFO msg="metal: shader module compiled" entryPoints=0
time=2026-06-16T10:25:36.983+02:00 level=DEBUG msg="metal: render pipeline created" label=convex_pipeline vertexEntry=vs_main sampleCount=4
time=2026-06-16T10:25:36.983+02:00 level=DEBUG msg="metal: render pipeline created" label=convex_pipeline_with_stencil vertexEntry=vs_main sampleCount=4
time=2026-06-16T10:25:36.983+02:00 level=DEBUG msg="metal: WGSL→MSL compilation" elapsed=48.167µs mslBytes=941
time=2026-06-16T10:25:36.983+02:00 level=INFO msg="metal: shader module compiled" entryPoints=0
time=2026-06-16T10:25:36.986+02:00 level=DEBUG msg="metal: WGSL→MSL compilation" elapsed=2.764667ms mslBytes=3072
time=2026-06-16T10:25:36.986+02:00 level=INFO msg="metal: shader module compiled" entryPoints=0
time=2026-06-16T10:25:36.989+02:00 level=DEBUG msg="metal: render pipeline created" label=stencil_fill_pipeline vertexEntry=vs_main sampleCount=4
time=2026-06-16T10:25:36.989+02:00 level=DEBUG msg="metal: render pipeline created" label=stencil_fill_even_odd_pipeline vertexEntry=vs_main sampleCount=4
time=2026-06-16T10:25:36.989+02:00 level=DEBUG msg="metal: render pipeline created" label=cover_pipeline vertexEntry=vs_main sampleCount=4
time=2026-06-16T10:25:36.989+02:00 level=DEBUG msg="metal: WGSL→MSL compilation" elapsed=110.208µs mslBytes=2447
time=2026-06-16T10:25:36.989+02:00 level=INFO msg="metal: shader module compiled" entryPoints=0
time=2026-06-16T10:25:36.989+02:00 level=DEBUG msg="metal: render pipeline created" label=textured_quad_pipeline_with_stencil vertexEntry=vs_main sampleCount=4
time=2026-06-16T10:25:36.989+02:00 level=DEBUG msg="metal: WGSL→MSL compilation" elapsed=47.75µs mslBytes=941
time=2026-06-16T10:25:36.989+02:00 level=INFO msg="metal: shader module compiled" entryPoints=0
time=2026-06-16T10:25:36.989+02:00 level=DEBUG msg="metal: render pipeline created" label=depth_clip_stencil_fill_pipeline vertexEntry=vs_main sampleCount=4
time=2026-06-16T10:25:36.989+02:00 level=DEBUG msg="metal: render pipeline created" label=depth_clip_cover_pipeline vertexEntry=vs_main sampleCount=4
time=2026-06-16T10:25:36.990+02:00 level=DEBUG msg="metal: WGSL→MSL compilation" elapsed=114.333µs mslBytes=2474
time=2026-06-16T10:25:36.990+02:00 level=INFO msg="metal: shader module compiled" entryPoints=0
time=2026-06-16T10:25:36.990+02:00 level=DEBUG msg="metal: render pipeline created" label=glyph_mask_pipeline_with_stencil vertexEntry=vs_main sampleCount=4
time=2026-06-16T10:25:36.990+02:00 level=DEBUG msg="metal: command encoder created" label="(wgpu internal) pending writes"
time=2026-06-16T10:25:36.990+02:00 level=DEBUG msg="metal: encoding started" label=session_surface_encoder
time=2026-06-16T10:25:36.990+02:00 level=DEBUG msg="metal: encoding ended"
time=2026-06-16T10:25:36.990+02:00 level=DEBUG msg="metal: encoding ended"
time=2026-06-16T10:25:36.990+02:00 level=DEBUG msg="metal: Submit" buffers=2
time=2026-06-16T10:25:36.991+02:00 level=DEBUG msg="metal: submission completion handler registered" subIdx=1
time=2026-06-16T10:25:36.991+02:00 level=DEBUG msg="metal: frame completion handler registered"
time=2026-06-16T10:25:36.991+02:00 level=DEBUG msg="metal: command encoder created" label="(wgpu internal) pending writes"
time=2026-06-16T10:25:36.991+02:00 level=DEBUG msg="metal: encoding started" label="(wgpu internal) pending writes"
time=2026-06-16T10:25:36.991+02:00 level=DEBUG msg="metal: WaitIdle starting"
time=2026-06-16T10:25:37.036+02:00 level=DEBUG msg="metal: GPU completion tracking fired" blockID=1
time=2026-06-16T10:25:37.036+02:00 level=DEBUG msg="metal: frame completion fired" blockID=2
time=2026-06-16T10:25:37.036+02:00 level=DEBUG msg="metal: WaitIdle complete"
time=2026-06-16T10:25:37.036+02:00 level=DEBUG msg="metal: command encoder created" label="(wgpu internal) pending writes"
time=2026-06-16T10:25:37.036+02:00 level=DEBUG msg="metal: encoding started" label=session_surface_encoder
time=2026-06-16T10:25:37.037+02:00 level=DEBUG msg="metal: encoding ended"
time=2026-06-16T10:25:37.037+02:00 level=DEBUG msg="metal: encoding ended"
time=2026-06-16T10:25:37.037+02:00 level=DEBUG msg="metal: Submit" buffers=2
time=2026-06-16T10:25:37.037+02:00 level=DEBUG msg="metal: submission completion handler registered" subIdx=2
time=2026-06-16T10:25:37.037+02:00 level=DEBUG msg="metal: frame completion handler registered"
time=2026-06-16T10:25:37.037+02:00 level=DEBUG msg="metal: encoding started" label="(wgpu internal) pending writes"
time=2026-06-16T10:25:37.037+02:00 level=DEBUG msg="metal: encoding started" label=session_surface_encoder
time=2026-06-16T10:25:37.037+02:00 level=DEBUG msg="metal: encoding ended"
time=2026-06-16T10:25:37.037+02:00 level=DEBUG msg="metal: encoding ended"
time=2026-06-16T10:25:37.037+02:00 level=DEBUG msg="metal: Submit" buffers=2
time=2026-06-16T10:25:37.037+02:00 level=DEBUG msg="metal: submission completion handler registered" subIdx=3
time=2026-06-16T10:25:37.037+02:00 level=DEBUG msg="metal: frame completion handler registered"
time=2026-06-16T10:25:37.038+02:00 level=DEBUG msg="metal: GPU completion tracking fired" blockID=3
time=2026-06-16T10:25:37.038+02:00 level=DEBUG msg="metal: frame completion fired" blockID=4
time=2026-06-16T10:25:37.038+02:00 level=DEBUG msg="metal: command encoder created" label="(wgpu internal) pending writes"
time=2026-06-16T10:25:37.038+02:00 level=DEBUG msg="metal: encoding started" label="(wgpu internal) pending writes"
time=2026-06-16T10:25:37.038+02:00 level=DEBUG msg="metal: command encoder created" label="(wgpu internal) pending writes"
time=2026-06-16T10:25:37.038+02:00 level=DEBUG msg="metal: encoding started" label=session_surface_encoder
time=2026-06-16T10:25:37.038+02:00 level=DEBUG msg="metal: encoding ended"
time=2026-06-16T10:25:37.038+02:00 level=DEBUG msg="metal: encoding ended"
time=2026-06-16T10:25:37.038+02:00 level=DEBUG msg="metal: Submit" buffers=2
time=2026-06-16T10:25:37.038+02:00 level=DEBUG msg="metal: submission completion handler registered" subIdx=4
time=2026-06-16T10:25:37.038+02:00 level=DEBUG msg="metal: frame completion handler registered"
time=2026-06-16T10:25:37.038+02:00 level=DEBUG msg="metal: GPU completion tracking fired" blockID=5
time=2026-06-16T10:25:37.038+02:00 level=DEBUG msg="metal: frame completion fired" blockID=6
time=2026-06-16T10:25:37.038+02:00 level=DEBUG msg="metal: encoding started" label="(wgpu internal) pending writes"
time=2026-06-16T10:25:37.038+02:00 level=DEBUG msg="metal: encoding started" label=session_surface_encoder
time=2026-06-16T10:25:37.038+02:00 level=DEBUG msg="metal: encoding ended"
time=2026-06-16T10:25:37.038+02:00 level=DEBUG msg="metal: encoding ended"
time=2026-06-16T10:25:37.038+02:00 level=DEBUG msg="metal: Submit" buffers=2
time=2026-06-16T10:25:37.038+02:00 level=DEBUG msg="metal: GPU completion tracking fired" blockID=7
time=2026-06-16T10:25:37.038+02:00 level=DEBUG msg="metal: frame completion fired" blockID=8
time=2026-06-16T10:25:37.038+02:00 level=DEBUG msg="metal: submission completion handler registered" subIdx=5
time=2026-06-16T10:25:37.038+02:00 level=DEBUG msg="metal: frame completion handler registered"
time=2026-06-16T10:25:37.038+02:00 level=DEBUG msg="metal: encoding started" label="(wgpu internal) pending writes"
time=2026-06-16T10:25:37.038+02:00 level=DEBUG msg="metal: encoding started" label=session_surface_encoder
time=2026-06-16T10:25:37.038+02:00 level=DEBUG msg="metal: encoding ended"
time=2026-06-16T10:25:37.038+02:00 level=DEBUG msg="metal: encoding ended"
time=2026-06-16T10:25:37.038+02:00 level=DEBUG msg="metal: Submit" buffers=2
time=2026-06-16T10:25:37.038+02:00 level=DEBUG msg="metal: submission completion handler registered" subIdx=6
time=2026-06-16T10:25:37.038+02:00 level=DEBUG msg="metal: frame completion handler registered"
time=2026-06-16T10:25:37.039+02:00 level=DEBUG msg="metal: encoding started" label="(wgpu internal) pending writes"
time=2026-06-16T10:25:37.039+02:00 level=DEBUG msg="metal: encoding started" label=session_surface_encoder
time=2026-06-16T10:25:37.039+02:00 level=DEBUG msg="metal: GPU completion tracking fired" blockID=9
time=2026-06-16T10:25:37.039+02:00 level=DEBUG msg="metal: frame completion fired" blockID=10
time=2026-06-16T10:25:37.039+02:00 level=DEBUG msg="metal: encoding ended"
time=2026-06-16T10:25:37.039+02:00 level=DEBUG msg="metal: encoding ended"
time=2026-06-16T10:25:37.039+02:00 level=DEBUG msg="metal: Submit" buffers=2
time=2026-06-16T10:25:37.039+02:00 level=DEBUG msg="metal: submission completion handler registered" subIdx=7
time=2026-06-16T10:25:37.039+02:00 level=DEBUG msg="metal: frame completion handler registered"
time=2026-06-16T10:25:37.039+02:00 level=DEBUG msg="metal: encoding started" label="(wgpu internal) pending writes"
time=2026-06-16T10:25:37.039+02:00 level=DEBUG msg="metal: GPU completion tracking fired" blockID=11
time=2026-06-16T10:25:37.039+02:00 level=DEBUG msg="metal: frame completion fired" blockID=12
time=2026-06-16T10:25:37.039+02:00 level=DEBUG msg="metal: encoding started" label=session_surface_encoder
time=2026-06-16T10:25:37.039+02:00 level=DEBUG msg="metal: encoding ended"
time=2026-06-16T10:25:37.039+02:00 level=DEBUG msg="metal: encoding ended"
time=2026-06-16T10:25:37.039+02:00 level=DEBUG msg="metal: Submit" buffers=2
time=2026-06-16T10:25:37.039+02:00 level=DEBUG msg="metal: submission completion handler registered" subIdx=8
time=2026-06-16T10:25:37.039+02:00 level=DEBUG msg="metal: frame completion handler registered"
time=2026-06-16T10:25:37.039+02:00 level=DEBUG msg="metal: GPU completion tracking fired" blockID=13
time=2026-06-16T10:25:37.039+02:00 level=DEBUG msg="metal: frame completion fired" blockID=14
time=2026-06-16T10:25:37.039+02:00 level=DEBUG msg="metal: encoding started" label="(wgpu internal) pending writes"
time=2026-06-16T10:25:37.039+02:00 level=DEBUG msg="metal: encoding started" label=session_surface_encoder
time=2026-06-16T10:25:37.039+02:00 level=DEBUG msg="metal: encoding ended"
time=2026-06-16T10:25:37.039+02:00 level=DEBUG msg="metal: encoding ended"
time=2026-06-16T10:25:37.039+02:00 level=DEBUG msg="metal: Submit" buffers=2
time=2026-06-16T10:25:37.039+02:00 level=DEBUG msg="metal: submission completion handler registered" subIdx=9
time=2026-06-16T10:25:37.040+02:00 level=DEBUG msg="metal: frame completion handler registered"
time=2026-06-16T10:25:37.040+02:00 level=DEBUG msg="metal: GPU completion tracking fired" blockID=15
time=2026-06-16T10:25:37.040+02:00 level=DEBUG msg="metal: frame completion fired" blockID=16
time=2026-06-16T10:25:37.040+02:00 level=DEBUG msg="metal: encoding started" label="(wgpu internal) pending writes"
time=2026-06-16T10:25:37.040+02:00 level=DEBUG msg="metal: encoding started" label=session_surface_encoder
time=2026-06-16T10:25:37.040+02:00 level=DEBUG msg="metal: encoding ended"
time=2026-06-16T10:25:37.040+02:00 level=DEBUG msg="metal: encoding ended"
time=2026-06-16T10:25:37.040+02:00 level=DEBUG msg="metal: Submit" buffers=2
time=2026-06-16T10:25:37.040+02:00 level=DEBUG msg="metal: submission completion handler registered" subIdx=10
time=2026-06-16T10:25:37.040+02:00 level=DEBUG msg="metal: frame completion handler registered"
time=2026-06-16T10:25:37.040+02:00 level=DEBUG msg="metal: GPU completion tracking fired" blockID=17
time=2026-06-16T10:25:37.040+02:00 level=DEBUG msg="metal: frame completion fired" blockID=18
time=2026-06-16T10:25:37.040+02:00 level=DEBUG msg="metal: GPU completion tracking fired" blockID=19
time=2026-06-16T10:25:37.040+02:00 level=DEBUG msg="metal: frame completion fired" blockID=20
time=2026-06-16T10:25:37.041+02:00 level=DEBUG msg="metal: surface texture acquired" drawable=5005351232 texture=5005349984 width=1600 height=1800
time=2026-06-16T10:25:37.041+02:00 level=DEBUG msg="metal: WaitIdle starting"
time=2026-06-16T10:25:37.041+02:00 level=DEBUG msg="metal: WaitIdle complete"
time=2026-06-16T10:25:37.041+02:00 level=DEBUG msg="metal: encoding started" label="(wgpu internal) pending writes"
time=2026-06-16T10:25:37.041+02:00 level=DEBUG msg="metal: render pipeline created" label=textured_quad_blit_pipeline vertexEntry=vs_main sampleCount=1
time=2026-06-16T10:25:37.041+02:00 level=DEBUG msg="metal: encoding started" label=session_blit_encoder
time=2026-06-16T10:25:37.042+02:00 level=DEBUG msg="metal: encoding ended"
time=2026-06-16T10:25:37.042+02:00 level=DEBUG msg="metal: encoding ended"
time=2026-06-16T10:25:37.042+02:00 level=DEBUG msg="metal: Submit" buffers=2
time=2026-06-16T10:25:37.042+02:00 level=DEBUG msg="metal: submission completion handler registered" subIdx=11
time=2026-06-16T10:25:37.042+02:00 level=DEBUG msg="metal: frame completion handler registered"
time=2026-06-16T10:25:37.042+02:00 level=DEBUG msg="metal: Present"
time=2026-06-16T10:25:37.042+02:00 level=DEBUG msg="metal: presentDrawable committed"
time=2026-06-16T10:25:37.044+02:00 level=DEBUG msg="metal: GPU completion tracking fired" blockID=21
time=2026-06-16T10:25:37.044+02:00 level=DEBUG msg="metal: frame completion fired" blockID=22
2026-06-16 10:25:37.153 main[58298:11512848] +[IMKClient subclass]: chose IMKClient_Modern
2026-06-16 10:25:37.153 main[58298:11512848] +[IMKInputSession subclass]: chose IMKInputSession_Modern
time=2026-06-16T10:25:39.738+02:00 level=DEBUG msg="metal: WaitIdle starting"
time=2026-06-16T10:25:39.738+02:00 level=DEBUG msg="metal: WaitIdle complete"
time=2026-06-16T10:25:39.739+02:00 level=DEBUG msg="metal: encoding started" label="(wgpu internal) pending writes"
time=2026-06-16T10:25:39.740+02:00 level=DEBUG msg="metal: encoding started" label=session_surface_encoder
time=2026-06-16T10:25:39.742+02:00 level=DEBUG msg="metal: encoding ended"
time=2026-06-16T10:25:39.742+02:00 level=DEBUG msg="metal: encoding ended"
time=2026-06-16T10:25:39.742+02:00 level=DEBUG msg="metal: Submit" buffers=2
time=2026-06-16T10:25:39.742+02:00 level=DEBUG msg="metal: submission completion handler registered" subIdx=12
time=2026-06-16T10:25:39.742+02:00 level=DEBUG msg="metal: frame completion handler registered"
time=2026-06-16T10:25:39.742+02:00 level=DEBUG msg="metal: WaitIdle starting"
time=2026-06-16T10:25:39.753+02:00 level=DEBUG msg="metal: GPU completion tracking fired" blockID=23
time=2026-06-16T10:25:39.754+02:00 level=DEBUG msg="metal: frame completion fired" blockID=24
time=2026-06-16T10:25:39.754+02:00 level=DEBUG msg="metal: WaitIdle complete"
time=2026-06-16T10:25:39.754+02:00 level=DEBUG msg="metal: encoding started" label="(wgpu internal) pending writes"
time=2026-06-16T10:25:39.754+02:00 level=DEBUG msg="metal: encoding started" label=session_surface_encoder
time=2026-06-16T10:25:39.754+02:00 level=DEBUG msg="metal: encoding ended"
time=2026-06-16T10:25:39.755+02:00 level=DEBUG msg="metal: encoding ended"
time=2026-06-16T10:25:39.755+02:00 level=DEBUG msg="metal: Submit" buffers=2
time=2026-06-16T10:25:39.755+02:00 level=DEBUG msg="metal: submission completion handler registered" subIdx=13
time=2026-06-16T10:25:39.755+02:00 level=DEBUG msg="metal: frame completion handler registered"
time=2026-06-16T10:25:39.756+02:00 level=DEBUG msg="metal: GPU completion tracking fired" blockID=25
time=2026-06-16T10:25:39.756+02:00 level=DEBUG msg="metal: frame completion fired" blockID=26
time=2026-06-16T10:25:39.756+02:00 level=DEBUG msg="metal: surface texture acquired" drawable=5090857792 texture=5086661536 width=1600 height=1800
time=2026-06-16T10:25:39.756+02:00 level=DEBUG msg="metal: WaitIdle starting"
time=2026-06-16T10:25:39.756+02:00 level=DEBUG msg="metal: WaitIdle complete"
time=2026-06-16T10:25:39.757+02:00 level=DEBUG msg="metal: encoding started" label="(wgpu internal) pending writes"
time=2026-06-16T10:25:39.757+02:00 level=DEBUG msg="metal: encoding started" label=session_blit_encoder
time=2026-06-16T10:25:39.757+02:00 level=DEBUG msg="metal: encoding ended"
time=2026-06-16T10:25:39.757+02:00 level=DEBUG msg="metal: encoding ended"
time=2026-06-16T10:25:39.757+02:00 level=DEBUG msg="metal: Submit" buffers=2
time=2026-06-16T10:25:39.757+02:00 level=DEBUG msg="metal: submission completion handler registered" subIdx=14
time=2026-06-16T10:25:39.757+02:00 level=DEBUG msg="metal: frame completion handler registered"
time=2026-06-16T10:25:39.758+02:00 level=DEBUG msg="metal: Present"
time=2026-06-16T10:25:39.758+02:00 level=DEBUG msg="metal: presentDrawable committed"
time=2026-06-16T10:25:39.759+02:00 level=DEBUG msg="metal: WaitIdle starting"
time=2026-06-16T10:25:39.760+02:00 level=DEBUG msg="metal: GPU completion tracking fired" blockID=27
time=2026-06-16T10:25:39.760+02:00 level=DEBUG msg="metal: frame completion fired" blockID=28
time=2026-06-16T10:25:39.760+02:00 level=DEBUG msg="metal: WaitIdle complete"
time=2026-06-16T10:25:39.760+02:00 level=DEBUG msg="metal: encoding started" label="(wgpu internal) pending writes"
time=2026-06-16T10:25:39.760+02:00 level=DEBUG msg="metal: encoding started" label=session_surface_encoder
time=2026-06-16T10:25:39.761+02:00 level=DEBUG msg="metal: encoding ended"
time=2026-06-16T10:25:39.761+02:00 level=DEBUG msg="metal: encoding ended"
time=2026-06-16T10:25:39.761+02:00 level=DEBUG msg="metal: Submit" buffers=2
time=2026-06-16T10:25:39.761+02:00 level=DEBUG msg="metal: submission completion handler registered" subIdx=15
time=2026-06-16T10:25:39.761+02:00 level=DEBUG msg="metal: frame completion handler registered"
time=2026-06-16T10:25:39.761+02:00 level=DEBUG msg="metal: WaitIdle starting"
time=2026-06-16T10:25:39.764+02:00 level=DEBUG msg="metal: GPU completion tracking fired" blockID=29
time=2026-06-16T10:25:39.764+02:00 level=DEBUG msg="metal: frame completion fired" blockID=30
time=2026-06-16T10:25:39.764+02:00 level=DEBUG msg="metal: WaitIdle complete"
time=2026-06-16T10:25:39.764+02:00 level=DEBUG msg="metal: encoding started" label="(wgpu internal) pending writes"
time=2026-06-16T10:25:39.764+02:00 level=DEBUG msg="metal: encoding started" label=session_surface_encoder
time=2026-06-16T10:25:39.764+02:00 level=DEBUG msg="metal: encoding ended"
time=2026-06-16T10:25:39.764+02:00 level=DEBUG msg="metal: encoding ended"
time=2026-06-16T10:25:39.764+02:00 level=DEBUG msg="metal: Submit" buffers=2
time=2026-06-16T10:25:39.764+02:00 level=DEBUG msg="metal: submission completion handler registered" subIdx=16
time=2026-06-16T10:25:39.764+02:00 level=DEBUG msg="metal: frame completion handler registered"
time=2026-06-16T10:25:39.764+02:00 level=DEBUG msg="metal: encoding started" label="(wgpu internal) pending writes"
time=2026-06-16T10:25:39.764+02:00 level=DEBUG msg="metal: encoding started" label=session_surface_encoder
time=2026-06-16T10:25:39.764+02:00 level=DEBUG msg="metal: encoding ended"
time=2026-06-16T10:25:39.764+02:00 level=DEBUG msg="metal: encoding ended"
time=2026-06-16T10:25:39.764+02:00 level=DEBUG msg="metal: Submit" buffers=2
time=2026-06-16T10:25:39.765+02:00 level=DEBUG msg="metal: submission completion handler registered" subIdx=17
time=2026-06-16T10:25:39.765+02:00 level=DEBUG msg="metal: frame completion handler registered"
time=2026-06-16T10:25:39.765+02:00 level=DEBUG msg="metal: GPU completion tracking fired" blockID=31
time=2026-06-16T10:25:39.765+02:00 level=DEBUG msg="metal: frame completion fired" blockID=32
time=2026-06-16T10:25:39.765+02:00 level=DEBUG msg="metal: GPU completion tracking fired" blockID=33
time=2026-06-16T10:25:39.765+02:00 level=DEBUG msg="metal: frame completion fired" blockID=34
time=2026-06-16T10:25:39.765+02:00 level=DEBUG msg="metal: surface texture acquired" drawable=5085720368 texture=5745319152 width=1600 height=1800
time=2026-06-16T10:25:39.765+02:00 level=DEBUG msg="metal: WaitIdle starting"
time=2026-06-16T10:25:39.765+02:00 level=DEBUG msg="metal: WaitIdle complete"
time=2026-06-16T10:25:39.765+02:00 level=DEBUG msg="metal: encoding started" label="(wgpu internal) pending writes"
time=2026-06-16T10:25:39.765+02:00 level=DEBUG msg="metal: encoding started" label=session_blit_encoder
time=2026-06-16T10:25:39.765+02:00 level=DEBUG msg="metal: encoding ended"
time=2026-06-16T10:25:39.765+02:00 level=DEBUG msg="metal: encoding ended"
time=2026-06-16T10:25:39.765+02:00 level=DEBUG msg="metal: Submit" buffers=2
time=2026-06-16T10:25:39.765+02:00 level=DEBUG msg="metal: submission completion handler registered" subIdx=18
time=2026-06-16T10:25:39.765+02:00 level=DEBUG msg="metal: frame completion handler registered"
time=2026-06-16T10:25:39.765+02:00 level=DEBUG msg="metal: Present"
time=2026-06-16T10:25:39.765+02:00 level=DEBUG msg="metal: presentDrawable committed"
time=2026-06-16T10:25:39.767+02:00 level=DEBUG msg="metal: GPU completion tracking fired" blockID=35
time=2026-06-16T10:25:39.767+02:00 level=DEBUG msg="metal: frame completion fired" blockID=36
time=2026-06-16T10:25:39.776+02:00 level=DEBUG msg="metal: WaitIdle starting"
time=2026-06-16T10:25:39.776+02:00 level=DEBUG msg="metal: WaitIdle complete"
time=2026-06-16T10:25:39.776+02:00 level=DEBUG msg="metal: encoding started" label="(wgpu internal) pending writes"
time=2026-06-16T10:25:39.777+02:00 level=DEBUG msg="metal: encoding started" label=session_surface_encoder
time=2026-06-16T10:25:39.777+02:00 level=DEBUG msg="metal: encoding ended"
time=2026-06-16T10:25:39.777+02:00 level=DEBUG msg="metal: encoding ended"
time=2026-06-16T10:25:39.777+02:00 level=DEBUG msg="metal: Submit" buffers=2
time=2026-06-16T10:25:39.777+02:00 level=DEBUG msg="metal: submission completion handler registered" subIdx=19
time=2026-06-16T10:25:39.777+02:00 level=DEBUG msg="metal: frame completion handler registered"
time=2026-06-16T10:25:39.777+02:00 level=DEBUG msg="metal: WaitIdle starting"
time=2026-06-16T10:25:39.780+02:00 level=DEBUG msg="metal: GPU completion tracking fired" blockID=37
time=2026-06-16T10:25:39.780+02:00 level=DEBUG msg="metal: frame completion fired" blockID=38
time=2026-06-16T10:25:39.780+02:00 level=DEBUG msg="metal: WaitIdle complete"
time=2026-06-16T10:25:39.780+02:00 level=DEBUG msg="metal: encoding started" label="(wgpu internal) pending writes"
time=2026-06-16T10:25:39.780+02:00 level=DEBUG msg="metal: encoding started" label=session_surface_encoder
time=2026-06-16T10:25:39.780+02:00 level=DEBUG msg="metal: encoding ended"
time=2026-06-16T10:25:39.780+02:00 level=DEBUG msg="metal: encoding ended"
time=2026-06-16T10:25:39.780+02:00 level=DEBUG msg="metal: Submit" buffers=2
time=2026-06-16T10:25:39.780+02:00 level=DEBUG msg="metal: submission completion handler registered" subIdx=20
time=2026-06-16T10:25:39.780+02:00 level=DEBUG msg="metal: frame completion handler registered"
time=2026-06-16T10:25:39.781+02:00 level=DEBUG msg="metal: encoding started" label="(wgpu internal) pending writes"
time=2026-06-16T10:25:39.781+02:00 level=DEBUG msg="metal: encoding started" label=session_surface_encoder
time=2026-06-16T10:25:39.781+02:00 level=DEBUG msg="metal: encoding ended"
time=2026-06-16T10:25:39.781+02:00 level=DEBUG msg="metal: encoding ended"
time=2026-06-16T10:25:39.781+02:00 level=DEBUG msg="metal: Submit" buffers=2
time=2026-06-16T10:25:39.781+02:00 level=DEBUG msg="metal: submission completion handler registered" subIdx=21
time=2026-06-16T10:25:39.781+02:00 level=DEBUG msg="metal: frame completion handler registered"
time=2026-06-16T10:25:39.781+02:00 level=DEBUG msg="metal: encoding started" label="(wgpu internal) pending writes"
time=2026-06-16T10:25:39.781+02:00 level=DEBUG msg="metal: encoding started" label=session_surface_encoder
time=2026-06-16T10:25:39.781+02:00 level=DEBUG msg="metal: GPU completion tracking fired" blockID=39
time=2026-06-16T10:25:39.781+02:00 level=DEBUG msg="metal: frame completion fired" blockID=40
time=2026-06-16T10:25:39.781+02:00 level=DEBUG msg="metal: encoding ended"
time=2026-06-16T10:25:39.781+02:00 level=DEBUG msg="metal: encoding ended"
time=2026-06-16T10:25:39.781+02:00 level=DEBUG msg="metal: Submit" buffers=2
time=2026-06-16T10:25:39.781+02:00 level=DEBUG msg="metal: submission completion handler registered" subIdx=22
time=2026-06-16T10:25:39.781+02:00 level=DEBUG msg="metal: frame completion handler registered"
time=2026-06-16T10:25:39.781+02:00 level=DEBUG msg="metal: surface texture acquired" drawable=5005407008 texture=5005349984 width=1600 height=1800
time=2026-06-16T10:25:39.781+02:00 level=DEBUG msg="metal: WaitIdle starting"
time=2026-06-16T10:25:39.781+02:00 level=DEBUG msg="metal: GPU completion tracking fired" blockID=41
time=2026-06-16T10:25:39.781+02:00 level=DEBUG msg="metal: frame completion fired" blockID=42
time=2026-06-16T10:25:39.781+02:00 level=DEBUG msg="metal: GPU completion tracking fired" blockID=43
time=2026-06-16T10:25:39.781+02:00 level=DEBUG msg="metal: frame completion fired" blockID=44
time=2026-06-16T10:25:39.781+02:00 level=DEBUG msg="metal: WaitIdle complete"
time=2026-06-16T10:25:39.781+02:00 level=DEBUG msg="metal: encoding started" label="(wgpu internal) pending writes"
time=2026-06-16T10:25:39.782+02:00 level=DEBUG msg="metal: encoding started" label=session_blit_encoder
time=2026-06-16T10:25:39.782+02:00 level=DEBUG msg="metal: encoding ended"
time=2026-06-16T10:25:39.782+02:00 level=DEBUG msg="metal: encoding ended"
time=2026-06-16T10:25:39.782+02:00 level=DEBUG msg="metal: Submit" buffers=2
time=2026-06-16T10:25:39.782+02:00 level=DEBUG msg="metal: submission completion handler registered" subIdx=23
time=2026-06-16T10:25:39.782+02:00 level=DEBUG msg="metal: frame completion handler registered"
time=2026-06-16T10:25:39.782+02:00 level=DEBUG msg="metal: Present"
time=2026-06-16T10:25:39.782+02:00 level=DEBUG msg="metal: presentDrawable committed"
time=2026-06-16T10:25:39.782+02:00 level=DEBUG msg="metal: GPU completion tracking fired" blockID=45
time=2026-06-16T10:25:39.782+02:00 level=DEBUG msg="metal: frame completion fired" blockID=46
time=2026-06-16T10:25:39.783+02:00 level=DEBUG msg="metal: WaitIdle starting"
time=2026-06-16T10:25:39.783+02:00 level=DEBUG msg="metal: WaitIdle complete"
time=2026-06-16T10:25:39.783+02:00 level=DEBUG msg="metal: encoding started" label="(wgpu internal) pending writes"
time=2026-06-16T10:25:39.783+02:00 level=DEBUG msg="metal: encoding started" label=session_surface_encoder
time=2026-06-16T10:25:39.783+02:00 level=DEBUG msg="metal: encoding ended"
time=2026-06-16T10:25:39.783+02:00 level=DEBUG msg="metal: encoding ended"
time=2026-06-16T10:25:39.783+02:00 level=DEBUG msg="metal: Submit" buffers=2
time=2026-06-16T10:25:39.783+02:00 level=DEBUG msg="metal: submission completion handler registered" subIdx=24
time=2026-06-16T10:25:39.783+02:00 level=DEBUG msg="metal: frame completion handler registered"
time=2026-06-16T10:25:39.784+02:00 level=DEBUG msg="metal: WaitIdle starting"
time=2026-06-16T10:25:39.786+02:00 level=DEBUG msg="metal: GPU completion tracking fired" blockID=47
time=2026-06-16T10:25:39.786+02:00 level=DEBUG msg="metal: frame completion fired" blockID=48
time=2026-06-16T10:25:39.786+02:00 level=DEBUG msg="metal: WaitIdle complete"
time=2026-06-16T10:25:39.786+02:00 level=DEBUG msg="metal: encoding started" label="(wgpu internal) pending writes"
time=2026-06-16T10:25:39.786+02:00 level=DEBUG msg="metal: encoding started" label=session_surface_encoder
time=2026-06-16T10:25:39.786+02:00 level=DEBUG msg="metal: encoding ended"
time=2026-06-16T10:25:39.786+02:00 level=DEBUG msg="metal: encoding ended"
time=2026-06-16T10:25:39.786+02:00 level=DEBUG msg="metal: Submit" buffers=2
time=2026-06-16T10:25:39.786+02:00 level=DEBUG msg="metal: submission completion handler registered" subIdx=25
time=2026-06-16T10:25:39.786+02:00 level=DEBUG msg="metal: frame completion handler registered"
time=2026-06-16T10:25:39.787+02:00 level=DEBUG msg="metal: encoding started" label="(wgpu internal) pending writes"
time=2026-06-16T10:25:39.787+02:00 level=DEBUG msg="metal: encoding started" label=session_surface_encoder
time=2026-06-16T10:25:39.787+02:00 level=DEBUG msg="metal: encoding ended"
time=2026-06-16T10:25:39.787+02:00 level=DEBUG msg="metal: encoding ended"
time=2026-06-16T10:25:39.787+02:00 level=DEBUG msg="metal: Submit" buffers=2
time=2026-06-16T10:25:39.787+02:00 level=DEBUG msg="metal: submission completion handler registered" subIdx=26
time=2026-06-16T10:25:39.787+02:00 level=DEBUG msg="metal: frame completion handler registered"
time=2026-06-16T10:25:39.787+02:00 level=DEBUG msg="metal: encoding started" label="(wgpu internal) pending writes"
time=2026-06-16T10:25:39.787+02:00 level=DEBUG msg="metal: encoding started" label=session_surface_encoder
time=2026-06-16T10:25:39.787+02:00 level=DEBUG msg="metal: encoding ended"
time=2026-06-16T10:25:39.787+02:00 level=DEBUG msg="metal: encoding ended"
time=2026-06-16T10:25:39.787+02:00 level=DEBUG msg="metal: GPU completion tracking fired" blockID=49
time=2026-06-16T10:25:39.787+02:00 level=DEBUG msg="metal: frame completion fired" blockID=50
time=2026-06-16T10:25:39.787+02:00 level=DEBUG msg="metal: Submit" buffers=2
time=2026-06-16T10:25:39.787+02:00 level=DEBUG msg="metal: submission completion handler registered" subIdx=27
time=2026-06-16T10:25:39.787+02:00 level=DEBUG msg="metal: frame completion handler registered"
time=2026-06-16T10:25:39.787+02:00 level=DEBUG msg="metal: encoding started" label="(wgpu internal) pending writes"
time=2026-06-16T10:25:39.787+02:00 level=DEBUG msg="metal: encoding started" label=session_surface_encoder
time=2026-06-16T10:25:39.787+02:00 level=DEBUG msg="metal: GPU completion tracking fired" blockID=51
time=2026-06-16T10:25:39.787+02:00 level=DEBUG msg="metal: frame completion fired" blockID=52
time=2026-06-16T10:25:39.787+02:00 level=DEBUG msg="metal: encoding ended"
time=2026-06-16T10:25:39.787+02:00 level=DEBUG msg="metal: encoding ended"
time=2026-06-16T10:25:39.787+02:00 level=DEBUG msg="metal: Submit" buffers=2
time=2026-06-16T10:25:39.787+02:00 level=DEBUG msg="metal: submission completion handler registered" subIdx=28
time=2026-06-16T10:25:39.787+02:00 level=DEBUG msg="metal: frame completion handler registered"
time=2026-06-16T10:25:39.787+02:00 level=DEBUG msg="metal: GPU completion tracking fired" blockID=53
time=2026-06-16T10:25:39.787+02:00 level=DEBUG msg="metal: frame completion fired" blockID=54
time=2026-06-16T10:25:39.787+02:00 level=DEBUG msg="metal: GPU completion tracking fired" blockID=55
time=2026-06-16T10:25:39.787+02:00 level=DEBUG msg="metal: frame completion fired" blockID=56
time=2026-06-16T10:25:39.787+02:00 level=DEBUG msg="metal: surface texture acquired" drawable=5745345040 texture=5086661536 width=1600 height=1800
time=2026-06-16T10:25:39.788+02:00 level=DEBUG msg="metal: WaitIdle starting"
time=2026-06-16T10:25:39.788+02:00 level=DEBUG msg="metal: WaitIdle complete"
time=2026-06-16T10:25:39.788+02:00 level=DEBUG msg="metal: encoding started" label="(wgpu internal) pending writes"
time=2026-06-16T10:25:39.788+02:00 level=DEBUG msg="metal: encoding started" label=session_blit_encoder
time=2026-06-16T10:25:39.788+02:00 level=DEBUG msg="metal: encoding ended"
time=2026-06-16T10:25:39.788+02:00 level=DEBUG msg="metal: encoding ended"
time=2026-06-16T10:25:39.788+02:00 level=DEBUG msg="metal: Submit" buffers=2
time=2026-06-16T10:25:39.788+02:00 level=DEBUG msg="metal: submission completion handler registered" subIdx=29
time=2026-06-16T10:25:39.788+02:00 level=DEBUG msg="metal: frame completion handler registered"
time=2026-06-16T10:25:39.788+02:00 level=DEBUG msg="metal: Present"
time=2026-06-16T10:25:39.788+02:00 level=DEBUG msg="metal: presentDrawable committed"
time=2026-06-16T10:25:39.789+02:00 level=DEBUG msg="metal: GPU completion tracking fired" blockID=57
time=2026-06-16T10:25:39.789+02:00 level=DEBUG msg="metal: frame completion fired" blockID=58
time=2026-06-16T10:25:39.792+02:00 level=DEBUG msg="metal: WaitIdle starting"
time=2026-06-16T10:25:39.792+02:00 level=DEBUG msg="metal: WaitIdle complete"
time=2026-06-16T10:25:39.792+02:00 level=DEBUG msg="metal: encoding started" label="(wgpu internal) pending writes"
time=2026-06-16T10:25:39.792+02:00 level=DEBUG msg="metal: encoding started" label=session_surface_encoder
time=2026-06-16T10:25:39.793+02:00 level=DEBUG msg="metal: encoding ended"
time=2026-06-16T10:25:39.793+02:00 level=DEBUG msg="metal: encoding ended"
time=2026-06-16T10:25:39.793+02:00 level=DEBUG msg="metal: Submit" buffers=2
time=2026-06-16T10:25:39.793+02:00 level=DEBUG msg="metal: submission completion handler registered" subIdx=30
time=2026-06-16T10:25:39.793+02:00 level=DEBUG msg="metal: frame completion handler registered"
time=2026-06-16T10:25:39.793+02:00 level=DEBUG msg="metal: WaitIdle starting"
time=2026-06-16T10:25:39.795+02:00 level=DEBUG msg="metal: GPU completion tracking fired" blockID=59
time=2026-06-16T10:25:39.795+02:00 level=DEBUG msg="metal: frame completion fired" blockID=60
time=2026-06-16T10:25:39.795+02:00 level=DEBUG msg="metal: WaitIdle complete"
time=2026-06-16T10:25:39.796+02:00 level=DEBUG msg="metal: encoding started" label="(wgpu internal) pending writes"
time=2026-06-16T10:25:39.796+02:00 level=DEBUG msg="metal: encoding started" label=session_surface_encoder
time=2026-06-16T10:25:39.796+02:00 level=DEBUG msg="metal: encoding ended"
time=2026-06-16T10:25:39.796+02:00 level=DEBUG msg="metal: encoding ended"
time=2026-06-16T10:25:39.796+02:00 level=DEBUG msg="metal: Submit" buffers=2
time=2026-06-16T10:25:39.796+02:00 level=DEBUG msg="metal: submission completion handler registered" subIdx=31
time=2026-06-16T10:25:39.796+02:00 level=DEBUG msg="metal: frame completion handler registered"
time=2026-06-16T10:25:39.796+02:00 level=DEBUG msg="metal: encoding started" label="(wgpu internal) pending writes"
time=2026-06-16T10:25:39.796+02:00 level=DEBUG msg="metal: encoding started" label=session_surface_encoder
time=2026-06-16T10:25:39.796+02:00 level=DEBUG msg="metal: encoding ended"
time=2026-06-16T10:25:39.796+02:00 level=DEBUG msg="metal: encoding ended"
time=2026-06-16T10:25:39.796+02:00 level=DEBUG msg="metal: Submit" buffers=2
time=2026-06-16T10:25:39.796+02:00 level=DEBUG msg="metal: submission completion handler registered" subIdx=32
time=2026-06-16T10:25:39.796+02:00 level=DEBUG msg="metal: frame completion handler registered"
time=2026-06-16T10:25:39.796+02:00 level=DEBUG msg="metal: encoding started" label="(wgpu internal) pending writes"
time=2026-06-16T10:25:39.796+02:00 level=DEBUG msg="metal: encoding started" label=session_surface_encoder
time=2026-06-16T10:25:39.796+02:00 level=DEBUG msg="metal: encoding ended"
time=2026-06-16T10:25:39.796+02:00 level=DEBUG msg="metal: encoding ended"
time=2026-06-16T10:25:39.796+02:00 level=DEBUG msg="metal: GPU completion tracking fired" blockID=61
time=2026-06-16T10:25:39.796+02:00 level=DEBUG msg="metal: frame completion fired" blockID=62
time=2026-06-16T10:25:39.796+02:00 level=DEBUG msg="metal: Submit" buffers=2
time=2026-06-16T10:25:39.796+02:00 level=DEBUG msg="metal: submission completion handler registered" subIdx=33
time=2026-06-16T10:25:39.796+02:00 level=DEBUG msg="metal: frame completion handler registered"
time=2026-06-16T10:25:39.796+02:00 level=DEBUG msg="metal: encoding started" label="(wgpu internal) pending writes"
time=2026-06-16T10:25:39.796+02:00 level=DEBUG msg="metal: encoding started" label=session_surface_encoder
time=2026-06-16T10:25:39.796+02:00 level=DEBUG msg="metal: GPU completion tracking fired" blockID=63
time=2026-06-16T10:25:39.796+02:00 level=DEBUG msg="metal: frame completion fired" blockID=64
time=2026-06-16T10:25:39.796+02:00 level=DEBUG msg="metal: encoding ended"
time=2026-06-16T10:25:39.796+02:00 level=DEBUG msg="metal: encoding ended"
time=2026-06-16T10:25:39.796+02:00 level=DEBUG msg="metal: Submit" buffers=2
time=2026-06-16T10:25:39.796+02:00 level=DEBUG msg="metal: submission completion handler registered" subIdx=34
time=2026-06-16T10:25:39.796+02:00 level=DEBUG msg="metal: frame completion handler registered"
time=2026-06-16T10:25:39.796+02:00 level=DEBUG msg="metal: encoding started" label="(wgpu internal) pending writes"
time=2026-06-16T10:25:39.796+02:00 level=DEBUG msg="metal: encoding started" label=session_surface_encoder
time=2026-06-16T10:25:39.797+02:00 level=DEBUG msg="metal: GPU completion tracking fired" blockID=65
time=2026-06-16T10:25:39.797+02:00 level=DEBUG msg="metal: frame completion fired" blockID=66
time=2026-06-16T10:25:39.797+02:00 level=DEBUG msg="metal: encoding ended"
time=2026-06-16T10:25:39.797+02:00 level=DEBUG msg="metal: encoding ended"
time=2026-06-16T10:25:39.797+02:00 level=DEBUG msg="metal: Submit" buffers=2
time=2026-06-16T10:25:39.797+02:00 level=DEBUG msg="metal: submission completion handler registered" subIdx=35
time=2026-06-16T10:25:39.797+02:00 level=DEBUG msg="metal: frame completion handler registered"
time=2026-06-16T10:25:39.797+02:00 level=DEBUG msg="metal: GPU completion tracking fired" blockID=67
time=2026-06-16T10:25:39.797+02:00 level=DEBUG msg="metal: frame completion fired" blockID=68
time=2026-06-16T10:25:39.797+02:00 level=DEBUG msg="metal: GPU completion tracking fired" blockID=69
time=2026-06-16T10:25:39.797+02:00 level=DEBUG msg="metal: frame completion fired" blockID=70
time=2026-06-16T10:25:39.804+02:00 level=DEBUG msg="metal: surface texture acquired" drawable=5085812992 texture=5745319152 width=1600 height=1800
time=2026-06-16T10:25:39.804+02:00 level=DEBUG msg="metal: WaitIdle starting"
time=2026-06-16T10:25:39.804+02:00 level=DEBUG msg="metal: WaitIdle complete"
time=2026-06-16T10:25:39.804+02:00 level=DEBUG msg="metal: encoding started" label="(wgpu internal) pending writes"
time=2026-06-16T10:25:39.805+02:00 level=DEBUG msg="metal: encoding started" label=session_blit_encoder
time=2026-06-16T10:25:39.805+02:00 level=DEBUG msg="metal: encoding ended"
time=2026-06-16T10:25:39.805+02:00 level=DEBUG msg="metal: encoding ended"
time=2026-06-16T10:25:39.805+02:00 level=DEBUG msg="metal: Submit" buffers=2
time=2026-06-16T10:25:39.805+02:00 level=DEBUG msg="metal: submission completion handler registered" subIdx=36
time=2026-06-16T10:25:39.805+02:00 level=DEBUG msg="metal: frame completion handler registered"
time=2026-06-16T10:25:39.805+02:00 level=DEBUG msg="metal: Present"
time=2026-06-16T10:25:39.805+02:00 level=DEBUG msg="metal: presentDrawable committed"
time=2026-06-16T10:25:39.805+02:00 level=DEBUG msg="metal: WaitIdle starting"
time=2026-06-16T10:25:39.806+02:00 level=DEBUG msg="metal: GPU completion tracking fired" blockID=71
time=2026-06-16T10:25:39.806+02:00 level=DEBUG msg="metal: frame completion fired" blockID=72
time=2026-06-16T10:25:39.806+02:00 level=DEBUG msg="metal: WaitIdle complete"
time=2026-06-16T10:25:39.806+02:00 level=DEBUG msg="metal: encoding started" label="(wgpu internal) pending writes"
time=2026-06-16T10:25:39.807+02:00 level=DEBUG msg="metal: encoding started" label=session_surface_encoder
time=2026-06-16T10:25:39.807+02:00 level=DEBUG msg="metal: encoding ended"
time=2026-06-16T10:25:39.807+02:00 level=DEBUG msg="metal: encoding ended"
time=2026-06-16T10:25:39.807+02:00 level=DEBUG msg="metal: Submit" buffers=2
time=2026-06-16T10:25:39.807+02:00 level=DEBUG msg="metal: submission completion handler registered" subIdx=37
time=2026-06-16T10:25:39.807+02:00 level=DEBUG msg="metal: frame completion handler registered"
time=2026-06-16T10:25:39.808+02:00 level=DEBUG msg="metal: WaitIdle starting"
time=2026-06-16T10:25:39.810+02:00 level=DEBUG msg="metal: GPU completion tracking fired" blockID=73
time=2026-06-16T10:25:39.810+02:00 level=DEBUG msg="metal: frame completion fired" blockID=74
time=2026-06-16T10:25:39.810+02:00 level=DEBUG msg="metal: WaitIdle complete"
time=2026-06-16T10:25:39.810+02:00 level=DEBUG msg="metal: encoding started" label="(wgpu internal) pending writes"
time=2026-06-16T10:25:39.810+02:00 level=DEBUG msg="metal: encoding started" label=session_surface_encoder
time=2026-06-16T10:25:39.810+02:00 level=DEBUG msg="metal: encoding ended"
time=2026-06-16T10:25:39.810+02:00 level=DEBUG msg="metal: encoding ended"
time=2026-06-16T10:25:39.810+02:00 level=DEBUG msg="metal: Submit" buffers=2
time=2026-06-16T10:25:39.810+02:00 level=DEBUG msg="metal: submission completion handler registered" subIdx=38
time=2026-06-16T10:25:39.810+02:00 level=DEBUG msg="metal: frame completion handler registered"
time=2026-06-16T10:25:39.811+02:00 level=DEBUG msg="metal: encoding started" label="(wgpu internal) pending writes"
time=2026-06-16T10:25:39.811+02:00 level=DEBUG msg="metal: encoding started" label=session_surface_encoder
time=2026-06-16T10:25:39.811+02:00 level=DEBUG msg="metal: encoding ended"
time=2026-06-16T10:25:39.811+02:00 level=DEBUG msg="metal: encoding ended"
time=2026-06-16T10:25:39.811+02:00 level=DEBUG msg="metal: Submit" buffers=2
time=2026-06-16T10:25:39.811+02:00 level=DEBUG msg="metal: submission completion handler registered" subIdx=39
time=2026-06-16T10:25:39.811+02:00 level=DEBUG msg="metal: frame completion handler registered"
time=2026-06-16T10:25:39.811+02:00 level=DEBUG msg="metal: encoding started" label="(wgpu internal) pending writes"
time=2026-06-16T10:25:39.811+02:00 level=DEBUG msg="metal: encoding started" label=session_surface_encoder
time=2026-06-16T10:25:39.811+02:00 level=DEBUG msg="metal: encoding ended"
time=2026-06-16T10:25:39.811+02:00 level=DEBUG msg="metal: encoding ended"
time=2026-06-16T10:25:39.811+02:00 level=DEBUG msg="metal: GPU completion tracking fired" blockID=75
time=2026-06-16T10:25:39.811+02:00 level=DEBUG msg="metal: frame completion fired" blockID=76
time=2026-06-16T10:25:39.811+02:00 level=DEBUG msg="metal: Submit" buffers=2
time=2026-06-16T10:25:39.811+02:00 level=DEBUG msg="metal: submission completion handler registered" subIdx=40
time=2026-06-16T10:25:39.811+02:00 level=DEBUG msg="metal: frame completion handler registered"
time=2026-06-16T10:25:39.811+02:00 level=DEBUG msg="metal: encoding started" label="(wgpu internal) pending writes"
time=2026-06-16T10:25:39.811+02:00 level=DEBUG msg="metal: encoding started" label=session_surface_encoder
time=2026-06-16T10:25:39.811+02:00 level=DEBUG msg="metal: GPU completion tracking fired" blockID=77
time=2026-06-16T10:25:39.811+02:00 level=DEBUG msg="metal: frame completion fired" blockID=78
time=2026-06-16T10:25:39.811+02:00 level=DEBUG msg="metal: encoding ended"
time=2026-06-16T10:25:39.811+02:00 level=DEBUG msg="metal: encoding ended"
time=2026-06-16T10:25:39.811+02:00 level=DEBUG msg="metal: Submit" buffers=2
time=2026-06-16T10:25:39.811+02:00 level=DEBUG msg="metal: submission completion handler registered" subIdx=41
time=2026-06-16T10:25:39.811+02:00 level=DEBUG msg="metal: frame completion handler registered"
time=2026-06-16T10:25:39.811+02:00 level=DEBUG msg="metal: encoding started" label="(wgpu internal) pending writes"
time=2026-06-16T10:25:39.811+02:00 level=DEBUG msg="metal: encoding started" label=session_surface_encoder
time=2026-06-16T10:25:39.811+02:00 level=DEBUG msg="metal: encoding ended"
time=2026-06-16T10:25:39.811+02:00 level=DEBUG msg="metal: encoding ended"
time=2026-06-16T10:25:39.811+02:00 level=DEBUG msg="metal: GPU completion tracking fired" blockID=79
time=2026-06-16T10:25:39.811+02:00 level=DEBUG msg="metal: frame completion fired" blockID=80
time=2026-06-16T10:25:39.811+02:00 level=DEBUG msg="metal: Submit" buffers=2
time=2026-06-16T10:25:39.811+02:00 level=DEBUG msg="metal: submission completion handler registered" subIdx=42
time=2026-06-16T10:25:39.811+02:00 level=DEBUG msg="metal: frame completion handler registered"
time=2026-06-16T10:25:39.812+02:00 level=DEBUG msg="metal: encoding started" label="(wgpu internal) pending writes"
time=2026-06-16T10:25:39.812+02:00 level=DEBUG msg="metal: encoding started" label=session_surface_encoder
time=2026-06-16T10:25:39.812+02:00 level=DEBUG msg="metal: encoding ended"
time=2026-06-16T10:25:39.812+02:00 level=DEBUG msg="metal: encoding ended"
time=2026-06-16T10:25:39.812+02:00 level=DEBUG msg="metal: GPU completion tracking fired" blockID=81
time=2026-06-16T10:25:39.812+02:00 level=DEBUG msg="metal: frame completion fired" blockID=82
time=2026-06-16T10:25:39.812+02:00 level=DEBUG msg="metal: Submit" buffers=2
time=2026-06-16T10:25:39.812+02:00 level=DEBUG msg="metal: submission completion handler registered" subIdx=43
time=2026-06-16T10:25:39.812+02:00 level=DEBUG msg="metal: frame completion handler registered"
time=2026-06-16T10:25:39.812+02:00 level=DEBUG msg="metal: GPU completion tracking fired" blockID=83
time=2026-06-16T10:25:39.812+02:00 level=DEBUG msg="metal: frame completion fired" blockID=84
time=2026-06-16T10:25:39.812+02:00 level=DEBUG msg="metal: GPU completion tracking fired" blockID=85
time=2026-06-16T10:25:39.812+02:00 level=DEBUG msg="metal: frame completion fired" blockID=86
time=2026-06-16T10:25:39.821+02:00 level=DEBUG msg="metal: surface texture acquired" drawable=5006607056 texture=5005349984 width=1600 height=1800
time=2026-06-16T10:25:39.821+02:00 level=DEBUG msg="metal: WaitIdle starting"
time=2026-06-16T10:25:39.821+02:00 level=DEBUG msg="metal: WaitIdle complete"
time=2026-06-16T10:25:39.821+02:00 level=DEBUG msg="metal: encoding started" label="(wgpu internal) pending writes"
time=2026-06-16T10:25:39.821+02:00 level=DEBUG msg="metal: encoding started" label=session_blit_encoder
time=2026-06-16T10:25:39.821+02:00 level=DEBUG msg="metal: encoding ended"
time=2026-06-16T10:25:39.821+02:00 level=DEBUG msg="metal: encoding ended"
time=2026-06-16T10:25:39.821+02:00 level=DEBUG msg="metal: Submit" buffers=2
time=2026-06-16T10:25:39.821+02:00 level=DEBUG msg="metal: submission completion handler registered" subIdx=44
time=2026-06-16T10:25:39.821+02:00 level=DEBUG msg="metal: frame completion handler registered"
time=2026-06-16T10:25:39.821+02:00 level=DEBUG msg="metal: Present"
time=2026-06-16T10:25:39.821+02:00 level=DEBUG msg="metal: presentDrawable committed"
time=2026-06-16T10:25:39.822+02:00 level=DEBUG msg="metal: WaitIdle starting"
time=2026-06-16T10:25:39.823+02:00 level=DEBUG msg="metal: GPU completion tracking fired" blockID=87
time=2026-06-16T10:25:39.823+02:00 level=DEBUG msg="metal: frame completion fired" blockID=88
time=2026-06-16T10:25:39.823+02:00 level=DEBUG msg="metal: WaitIdle complete"
time=2026-06-16T10:25:39.823+02:00 level=DEBUG msg="metal: encoding started" label="(wgpu internal) pending writes"
time=2026-06-16T10:25:39.823+02:00 level=DEBUG msg="metal: encoding started" label=session_surface_encoder
time=2026-06-16T10:25:39.824+02:00 level=DEBUG msg="metal: encoding ended"
time=2026-06-16T10:25:39.824+02:00 level=DEBUG msg="metal: encoding ended"
time=2026-06-16T10:25:39.824+02:00 level=DEBUG msg="metal: Submit" buffers=2
time=2026-06-16T10:25:39.824+02:00 level=DEBUG msg="metal: submission completion handler registered" subIdx=45
time=2026-06-16T10:25:39.824+02:00 level=DEBUG msg="metal: frame completion handler registered"
time=2026-06-16T10:25:39.824+02:00 level=DEBUG msg="metal: WaitIdle starting"
time=2026-06-16T10:25:39.827+02:00 level=DEBUG msg="metal: GPU completion tracking fired" blockID=89
time=2026-06-16T10:25:39.827+02:00 level=DEBUG msg="metal: frame completion fired" blockID=90
time=2026-06-16T10:25:39.827+02:00 level=DEBUG msg="metal: WaitIdle complete"
time=2026-06-16T10:25:39.827+02:00 level=DEBUG msg="metal: encoding started" label="(wgpu internal) pending writes"
time=2026-06-16T10:25:39.827+02:00 level=DEBUG msg="metal: encoding started" label=session_surface_encoder
time=2026-06-16T10:25:39.827+02:00 level=DEBUG msg="metal: encoding ended"
time=2026-06-16T10:25:39.827+02:00 level=DEBUG msg="metal: encoding ended"
time=2026-06-16T10:25:39.827+02:00 level=DEBUG msg="metal: Submit" buffers=2
time=2026-06-16T10:25:39.827+02:00 level=DEBUG msg="metal: submission completion handler registered" subIdx=46
time=2026-06-16T10:25:39.827+02:00 level=DEBUG msg="metal: frame completion handler registered"
time=2026-06-16T10:25:39.827+02:00 level=DEBUG msg="metal: encoding started" label="(wgpu internal) pending writes"
time=2026-06-16T10:25:39.827+02:00 level=DEBUG msg="metal: encoding started" label=session_surface_encoder
time=2026-06-16T10:25:39.827+02:00 level=DEBUG msg="metal: encoding ended"
time=2026-06-16T10:25:39.827+02:00 level=DEBUG msg="metal: encoding ended"
time=2026-06-16T10:25:39.827+02:00 level=DEBUG msg="metal: Submit" buffers=2
time=2026-06-16T10:25:39.827+02:00 level=DEBUG msg="metal: submission completion handler registered" subIdx=47
time=2026-06-16T10:25:39.827+02:00 level=DEBUG msg="metal: frame completion handler registered"
time=2026-06-16T10:25:39.827+02:00 level=DEBUG msg="metal: encoding started" label="(wgpu internal) pending writes"
time=2026-06-16T10:25:39.827+02:00 level=DEBUG msg="metal: encoding started" label=session_surface_encoder
time=2026-06-16T10:25:39.827+02:00 level=DEBUG msg="metal: encoding ended"
time=2026-06-16T10:25:39.827+02:00 level=DEBUG msg="metal: encoding ended"
time=2026-06-16T10:25:39.828+02:00 level=DEBUG msg="metal: GPU completion tracking fired" blockID=91
time=2026-06-16T10:25:39.828+02:00 level=DEBUG msg="metal: frame completion fired" blockID=92
time=2026-06-16T10:25:39.828+02:00 level=DEBUG msg="metal: Submit" buffers=2
time=2026-06-16T10:25:39.828+02:00 level=DEBUG msg="metal: submission completion handler registered" subIdx=48
time=2026-06-16T10:25:39.828+02:00 level=DEBUG msg="metal: frame completion handler registered"
time=2026-06-16T10:25:39.828+02:00 level=DEBUG msg="metal: encoding started" label="(wgpu internal) pending writes"
time=2026-06-16T10:25:39.828+02:00 level=DEBUG msg="metal: encoding started" label=session_surface_encoder
time=2026-06-16T10:25:39.828+02:00 level=DEBUG msg="metal: GPU completion tracking fired" blockID=93
time=2026-06-16T10:25:39.828+02:00 level=DEBUG msg="metal: frame completion fired" blockID=94
time=2026-06-16T10:25:39.828+02:00 level=DEBUG msg="metal: encoding ended"
time=2026-06-16T10:25:39.828+02:00 level=DEBUG msg="metal: encoding ended"
time=2026-06-16T10:25:39.828+02:00 level=DEBUG msg="metal: Submit" buffers=2
time=2026-06-16T10:25:39.828+02:00 level=DEBUG msg="metal: submission completion handler registered" subIdx=49
time=2026-06-16T10:25:39.828+02:00 level=DEBUG msg="metal: frame completion handler registered"
time=2026-06-16T10:25:39.828+02:00 level=DEBUG msg="metal: encoding started" label="(wgpu internal) pending writes"
time=2026-06-16T10:25:39.828+02:00 level=DEBUG msg="metal: encoding started" label=session_surface_encoder
time=2026-06-16T10:25:39.828+02:00 level=DEBUG msg="metal: encoding ended"
time=2026-06-16T10:25:39.828+02:00 level=DEBUG msg="metal: encoding ended"
time=2026-06-16T10:25:39.828+02:00 level=DEBUG msg="metal: GPU completion tracking fired" blockID=95
time=2026-06-16T10:25:39.828+02:00 level=DEBUG msg="metal: frame completion fired" blockID=96
time=2026-06-16T10:25:39.828+02:00 level=DEBUG msg="metal: Submit" buffers=2
time=2026-06-16T10:25:39.828+02:00 level=DEBUG msg="metal: submission completion handler registered" subIdx=50
time=2026-06-16T10:25:39.828+02:00 level=DEBUG msg="metal: frame completion handler registered"
time=2026-06-16T10:25:39.828+02:00 level=DEBUG msg="metal: encoding started" label="(wgpu internal) pending writes"
time=2026-06-16T10:25:39.828+02:00 level=DEBUG msg="metal: encoding started" label=session_surface_encoder
time=2026-06-16T10:25:39.828+02:00 level=DEBUG msg="metal: encoding ended"
time=2026-06-16T10:25:39.828+02:00 level=DEBUG msg="metal: encoding ended"
time=2026-06-16T10:25:39.828+02:00 level=DEBUG msg="metal: GPU completion tracking fired" blockID=97
time=2026-06-16T10:25:39.828+02:00 level=DEBUG msg="metal: frame completion fired" blockID=98
time=2026-06-16T10:25:39.828+02:00 level=DEBUG msg="metal: Submit" buffers=2
time=2026-06-16T10:25:39.828+02:00 level=DEBUG msg="metal: submission completion handler registered" subIdx=51
time=2026-06-16T10:25:39.828+02:00 level=DEBUG msg="metal: frame completion handler registered"
time=2026-06-16T10:25:39.828+02:00 level=DEBUG msg="metal: encoding started" label="(wgpu internal) pending writes"
time=2026-06-16T10:25:39.828+02:00 level=DEBUG msg="metal: encoding started" label=session_surface_encoder
time=2026-06-16T10:25:39.828+02:00 level=DEBUG msg="metal: encoding ended"
time=2026-06-16T10:25:39.828+02:00 level=DEBUG msg="metal: encoding ended"
time=2026-06-16T10:25:39.828+02:00 level=DEBUG msg="metal: GPU completion tracking fired" blockID=99
time=2026-06-16T10:25:39.828+02:00 level=DEBUG msg="metal: frame completion fired" blockID=100
time=2026-06-16T10:25:39.829+02:00 level=DEBUG msg="metal: Submit" buffers=2
time=2026-06-16T10:25:39.829+02:00 level=DEBUG msg="metal: submission completion handler registered" subIdx=52
time=2026-06-16T10:25:39.829+02:00 level=DEBUG msg="metal: frame completion handler registered"
time=2026-06-16T10:25:39.829+02:00 level=DEBUG msg="metal: encoding started" label="(wgpu internal) pending writes"
time=2026-06-16T10:25:39.829+02:00 level=DEBUG msg="metal: encoding started" label=session_surface_encoder
time=2026-06-16T10:25:39.829+02:00 level=DEBUG msg="metal: encoding ended"
time=2026-06-16T10:25:39.829+02:00 level=DEBUG msg="metal: encoding ended"
time=2026-06-16T10:25:39.829+02:00 level=DEBUG msg="metal: GPU completion tracking fired" blockID=101
time=2026-06-16T10:25:39.829+02:00 level=DEBUG msg="metal: frame completion fired" blockID=102
time=2026-06-16T10:25:39.829+02:00 level=DEBUG msg="metal: Submit" buffers=2
time=2026-06-16T10:25:39.829+02:00 level=DEBUG msg="metal: submission completion handler registered" subIdx=53
time=2026-06-16T10:25:39.829+02:00 level=DEBUG msg="metal: frame completion handler registered"
time=2026-06-16T10:25:39.829+02:00 level=DEBUG msg="metal: GPU completion tracking fired" blockID=103
time=2026-06-16T10:25:39.829+02:00 level=DEBUG msg="metal: frame completion fired" blockID=104
time=2026-06-16T10:25:39.829+02:00 level=DEBUG msg="metal: GPU completion tracking fired" blockID=105
time=2026-06-16T10:25:39.829+02:00 level=DEBUG msg="metal: frame completion fired" blockID=106
time=2026-06-16T10:25:39.838+02:00 level=DEBUG msg="metal: surface texture acquired" drawable=5085706384 texture=5086661536 width=1600 height=1800
time=2026-06-16T10:25:39.838+02:00 level=DEBUG msg="metal: WaitIdle starting"
time=2026-06-16T10:25:39.838+02:00 level=DEBUG msg="metal: WaitIdle complete"
time=2026-06-16T10:25:39.838+02:00 level=DEBUG msg="metal: encoding started" label="(wgpu internal) pending writes"
time=2026-06-16T10:25:39.838+02:00 level=DEBUG msg="metal: encoding started" label=session_blit_encoder
time=2026-06-16T10:25:39.838+02:00 level=DEBUG msg="metal: encoding ended"
time=2026-06-16T10:25:39.838+02:00 level=DEBUG msg="metal: encoding ended"
time=2026-06-16T10:25:39.838+02:00 level=DEBUG msg="metal: Submit" buffers=2
time=2026-06-16T10:25:39.838+02:00 level=DEBUG msg="metal: submission completion handler registered" subIdx=54
time=2026-06-16T10:25:39.838+02:00 level=DEBUG msg="metal: frame completion handler registered"
time=2026-06-16T10:25:39.838+02:00 level=DEBUG msg="metal: Present"
time=2026-06-16T10:25:39.838+02:00 level=DEBUG msg="metal: presentDrawable committed"
time=2026-06-16T10:25:39.840+02:00 level=DEBUG msg="metal: GPU completion tracking fired" blockID=107
time=2026-06-16T10:25:39.840+02:00 level=DEBUG msg="metal: frame completion fired" blockID=108
time=2026-06-16T10:25:40.212+02:00 level=DEBUG msg="metal: WaitIdle starting"
time=2026-06-16T10:25:40.212+02:00 level=DEBUG msg="metal: WaitIdle complete"
time=2026-06-16T10:25:40.213+02:00 level=DEBUG msg="metal: encoding started" label="(wgpu internal) pending writes"
time=2026-06-16T10:25:40.214+02:00 level=DEBUG msg="metal: encoding started" label=session_surface_encoder
time=2026-06-16T10:25:40.215+02:00 level=DEBUG msg="metal: encoding ended"
time=2026-06-16T10:25:40.215+02:00 level=DEBUG msg="metal: encoding ended"
time=2026-06-16T10:25:40.215+02:00 level=DEBUG msg="metal: Submit" buffers=2
time=2026-06-16T10:25:40.215+02:00 level=DEBUG msg="metal: submission completion handler registered" subIdx=55
time=2026-06-16T10:25:40.215+02:00 level=DEBUG msg="metal: frame completion handler registered"
time=2026-06-16T10:25:40.215+02:00 level=DEBUG msg="metal: surface texture acquired" drawable=5089834400 texture=5005349984 width=1600 height=1800
time=2026-06-16T10:25:40.215+02:00 level=DEBUG msg="metal: WaitIdle starting"
time=2026-06-16T10:25:40.219+02:00 level=DEBUG msg="metal: GPU completion tracking fired" blockID=109
time=2026-06-16T10:25:40.220+02:00 level=DEBUG msg="metal: frame completion fired" blockID=110
time=2026-06-16T10:25:40.220+02:00 level=DEBUG msg="metal: WaitIdle complete"
time=2026-06-16T10:25:40.220+02:00 level=DEBUG msg="metal: encoding started" label="(wgpu internal) pending writes"
time=2026-06-16T10:25:40.220+02:00 level=DEBUG msg="metal: encoding started" label=session_blit_encoder
time=2026-06-16T10:25:40.221+02:00 level=DEBUG msg="metal: encoding ended"
time=2026-06-16T10:25:40.221+02:00 level=DEBUG msg="metal: encoding ended"
time=2026-06-16T10:25:40.221+02:00 level=DEBUG msg="metal: Submit" buffers=2
time=2026-06-16T10:25:40.221+02:00 level=DEBUG msg="metal: submission completion handler registered" subIdx=56
time=2026-06-16T10:25:40.221+02:00 level=DEBUG msg="metal: frame completion handler registered"
time=2026-06-16T10:25:40.221+02:00 level=DEBUG msg="metal: Present"
time=2026-06-16T10:25:40.222+02:00 level=DEBUG msg="metal: presentDrawable committed"
time=2026-06-16T10:25:40.222+02:00 level=DEBUG msg="metal: GPU completion tracking fired" blockID=111
time=2026-06-16T10:25:40.222+02:00 level=DEBUG msg="metal: frame completion fired" blockID=112
time=2026-06-16T10:25:40.223+02:00 level=DEBUG msg="metal: WaitIdle starting"
time=2026-06-16T10:25:40.223+02:00 level=DEBUG msg="metal: WaitIdle complete"
time=2026-06-16T10:25:40.224+02:00 level=DEBUG msg="metal: encoding started" label="(wgpu internal) pending writes"
time=2026-06-16T10:25:40.225+02:00 level=DEBUG msg="metal: encoding started" label=session_surface_encoder
time=2026-06-16T10:25:40.226+02:00 level=DEBUG msg="metal: encoding ended"
time=2026-06-16T10:25:40.226+02:00 level=DEBUG msg="metal: encoding ended"
time=2026-06-16T10:25:40.226+02:00 level=DEBUG msg="metal: Submit" buffers=2
time=2026-06-16T10:25:40.226+02:00 level=DEBUG msg="metal: submission completion handler registered" subIdx=57
time=2026-06-16T10:25:40.226+02:00 level=DEBUG msg="metal: frame completion handler registered"
time=2026-06-16T10:25:40.226+02:00 level=DEBUG msg="metal: surface texture acquired" drawable=5090882560 texture=5745319152 width=1600 height=1800
time=2026-06-16T10:25:40.226+02:00 level=DEBUG msg="metal: WaitIdle starting"
time=2026-06-16T10:25:40.231+02:00 level=DEBUG msg="metal: GPU completion tracking fired" blockID=113
time=2026-06-16T10:25:40.231+02:00 level=DEBUG msg="metal: frame completion fired" blockID=114
time=2026-06-16T10:25:40.231+02:00 level=DEBUG msg="metal: WaitIdle complete"
time=2026-06-16T10:25:40.231+02:00 level=DEBUG msg="metal: encoding started" label="(wgpu internal) pending writes"
time=2026-06-16T10:25:40.231+02:00 level=DEBUG msg="metal: encoding started" label=session_blit_encoder
time=2026-06-16T10:25:40.232+02:00 level=DEBUG msg="metal: encoding ended"
time=2026-06-16T10:25:40.232+02:00 level=DEBUG msg="metal: encoding ended"
time=2026-06-16T10:25:40.232+02:00 level=DEBUG msg="metal: Submit" buffers=2
time=2026-06-16T10:25:40.232+02:00 level=DEBUG msg="metal: submission completion handler registered" subIdx=58
time=2026-06-16T10:25:40.232+02:00 level=DEBUG msg="metal: frame completion handler registered"
time=2026-06-16T10:25:40.232+02:00 level=DEBUG msg="metal: Present"
time=2026-06-16T10:25:40.233+02:00 level=DEBUG msg="metal: presentDrawable committed"
time=2026-06-16T10:25:40.233+02:00 level=DEBUG msg="metal: GPU completion tracking fired" blockID=115
time=2026-06-16T10:25:40.233+02:00 level=DEBUG msg="metal: frame completion fired" blockID=116
time=2026-06-16T10:25:40.254+02:00 level=DEBUG msg="metal: WaitIdle starting"
time=2026-06-16T10:25:40.255+02:00 level=DEBUG msg="metal: WaitIdle complete"
time=2026-06-16T10:25:40.255+02:00 level=DEBUG msg="metal: encoding started" label="(wgpu internal) pending writes"
time=2026-06-16T10:25:40.256+02:00 level=DEBUG msg="metal: encoding started" label=session_surface_encoder
time=2026-06-16T10:25:40.257+02:00 level=DEBUG msg="metal: encoding ended"
time=2026-06-16T10:25:40.257+02:00 level=DEBUG msg="metal: encoding ended"
time=2026-06-16T10:25:40.257+02:00 level=DEBUG msg="metal: Submit" buffers=2
time=2026-06-16T10:25:40.257+02:00 level=DEBUG msg="metal: submission completion handler registered" subIdx=59
time=2026-06-16T10:25:40.257+02:00 level=DEBUG msg="metal: frame completion handler registered"
time=2026-06-16T10:25:40.258+02:00 level=DEBUG msg="metal: WaitIdle starting"
time=2026-06-16T10:25:40.262+02:00 level=DEBUG msg="metal: GPU completion tracking fired" blockID=117
time=2026-06-16T10:25:40.262+02:00 level=DEBUG msg="metal: frame completion fired" blockID=118
time=2026-06-16T10:25:40.262+02:00 level=DEBUG msg="metal: WaitIdle complete"
time=2026-06-16T10:25:40.262+02:00 level=DEBUG msg="metal: encoding started" label="(wgpu internal) pending writes"
time=2026-06-16T10:25:40.263+02:00 level=DEBUG msg="metal: encoding started" label=session_surface_encoder
time=2026-06-16T10:25:40.263+02:00 level=DEBUG msg="metal: encoding ended"
time=2026-06-16T10:25:40.263+02:00 level=DEBUG msg="metal: encoding ended"
time=2026-06-16T10:25:40.263+02:00 level=DEBUG msg="metal: Submit" buffers=2
time=2026-06-16T10:25:40.263+02:00 level=DEBUG msg="metal: submission completion handler registered" subIdx=60
time=2026-06-16T10:25:40.263+02:00 level=DEBUG msg="metal: frame completion handler registered"
time=2026-06-16T10:25:40.264+02:00 level=DEBUG msg="metal: encoding started" label="(wgpu internal) pending writes"
time=2026-06-16T10:25:40.264+02:00 level=DEBUG msg="metal: encoding started" label=session_surface_encoder
time=2026-06-16T10:25:40.264+02:00 level=DEBUG msg="metal: encoding ended"
time=2026-06-16T10:25:40.264+02:00 level=DEBUG msg="metal: encoding ended"
time=2026-06-16T10:25:40.264+02:00 level=DEBUG msg="metal: GPU completion tracking fired" blockID=119
time=2026-06-16T10:25:40.264+02:00 level=DEBUG msg="metal: frame completion fired" blockID=120
time=2026-06-16T10:25:40.264+02:00 level=DEBUG msg="metal: Submit" buffers=2
time=2026-06-16T10:25:40.264+02:00 level=DEBUG msg="metal: submission completion handler registered" subIdx=61
time=2026-06-16T10:25:40.264+02:00 level=DEBUG msg="metal: frame completion handler registered"
time=2026-06-16T10:25:40.265+02:00 level=DEBUG msg="metal: encoding started" label="(wgpu internal) pending writes"
time=2026-06-16T10:25:40.265+02:00 level=DEBUG msg="metal: encoding started" label=session_surface_encoder
time=2026-06-16T10:25:40.265+02:00 level=DEBUG msg="metal: encoding ended"
time=2026-06-16T10:25:40.265+02:00 level=DEBUG msg="metal: encoding ended"
time=2026-06-16T10:25:40.265+02:00 level=DEBUG msg="metal: Submit" buffers=2
time=2026-06-16T10:25:40.265+02:00 level=DEBUG msg="metal: submission completion handler registered" subIdx=62
time=2026-06-16T10:25:40.265+02:00 level=DEBUG msg="metal: frame completion handler registered"
time=2026-06-16T10:25:40.265+02:00 level=DEBUG msg="metal: encoding started" label="(wgpu internal) pending writes"
time=2026-06-16T10:25:40.265+02:00 level=DEBUG msg="metal: encoding started" label=session_surface_encoder
time=2026-06-16T10:25:40.265+02:00 level=DEBUG msg="metal: encoding ended"
time=2026-06-16T10:25:40.265+02:00 level=DEBUG msg="metal: encoding ended"
time=2026-06-16T10:25:40.265+02:00 level=DEBUG msg="metal: GPU completion tracking fired" blockID=121
time=2026-06-16T10:25:40.265+02:00 level=DEBUG msg="metal: frame completion fired" blockID=122
time=2026-06-16T10:25:40.265+02:00 level=DEBUG msg="metal: Submit" buffers=2
time=2026-06-16T10:25:40.265+02:00 level=DEBUG msg="metal: submission completion handler registered" subIdx=63
time=2026-06-16T10:25:40.265+02:00 level=DEBUG msg="metal: frame completion handler registered"
time=2026-06-16T10:25:40.265+02:00 level=DEBUG msg="metal: encoding started" label="(wgpu internal) pending writes"
time=2026-06-16T10:25:40.265+02:00 level=DEBUG msg="metal: encoding started" label=session_surface_encoder
time=2026-06-16T10:25:40.265+02:00 level=DEBUG msg="metal: encoding ended"
time=2026-06-16T10:25:40.265+02:00 level=DEBUG msg="metal: encoding ended"
time=2026-06-16T10:25:40.265+02:00 level=DEBUG msg="metal: GPU completion tracking fired" blockID=123
time=2026-06-16T10:25:40.265+02:00 level=DEBUG msg="metal: frame completion fired" blockID=124
time=2026-06-16T10:25:40.265+02:00 level=DEBUG msg="metal: Submit" buffers=2
time=2026-06-16T10:25:40.265+02:00 level=DEBUG msg="metal: submission completion handler registered" subIdx=64
time=2026-06-16T10:25:40.265+02:00 level=DEBUG msg="metal: frame completion handler registered"
time=2026-06-16T10:25:40.265+02:00 level=DEBUG msg="metal: encoding started" label="(wgpu internal) pending writes"
time=2026-06-16T10:25:40.265+02:00 level=DEBUG msg="metal: encoding started" label=session_surface_encoder
time=2026-06-16T10:25:40.265+02:00 level=DEBUG msg="metal: GPU completion tracking fired" blockID=125
time=2026-06-16T10:25:40.265+02:00 level=DEBUG msg="metal: frame completion fired" blockID=126
time=2026-06-16T10:25:40.265+02:00 level=DEBUG msg="metal: encoding ended"
time=2026-06-16T10:25:40.265+02:00 level=DEBUG msg="metal: encoding ended"
time=2026-06-16T10:25:40.265+02:00 level=DEBUG msg="metal: Submit" buffers=2
time=2026-06-16T10:25:40.265+02:00 level=DEBUG msg="metal: submission completion handler registered" subIdx=65
time=2026-06-16T10:25:40.265+02:00 level=DEBUG msg="metal: frame completion handler registered"
time=2026-06-16T10:25:40.266+02:00 level=DEBUG msg="metal: encoding started" label="(wgpu internal) pending writes"
time=2026-06-16T10:25:40.266+02:00 level=DEBUG msg="metal: encoding started" label=session_surface_encoder
time=2026-06-16T10:25:40.266+02:00 level=DEBUG msg="metal: encoding ended"
time=2026-06-16T10:25:40.266+02:00 level=DEBUG msg="metal: encoding ended"
time=2026-06-16T10:25:40.266+02:00 level=DEBUG msg="metal: GPU completion tracking fired" blockID=127
time=2026-06-16T10:25:40.266+02:00 level=DEBUG msg="metal: frame completion fired" blockID=128
time=2026-06-16T10:25:40.266+02:00 level=DEBUG msg="metal: Submit" buffers=2
time=2026-06-16T10:25:40.266+02:00 level=DEBUG msg="metal: submission completion handler registered" subIdx=66
time=2026-06-16T10:25:40.266+02:00 level=DEBUG msg="metal: frame completion handler registered"
time=2026-06-16T10:25:40.266+02:00 level=DEBUG msg="metal: encoding started" label="(wgpu internal) pending writes"
time=2026-06-16T10:25:40.266+02:00 level=DEBUG msg="metal: encoding started" label=session_surface_encoder
time=2026-06-16T10:25:40.266+02:00 level=DEBUG msg="metal: encoding ended"
time=2026-06-16T10:25:40.266+02:00 level=DEBUG msg="metal: encoding ended"
time=2026-06-16T10:25:40.266+02:00 level=DEBUG msg="metal: GPU completion tracking fired" blockID=129
time=2026-06-16T10:25:40.266+02:00 level=DEBUG msg="metal: frame completion fired" blockID=130
time=2026-06-16T10:25:40.266+02:00 level=DEBUG msg="metal: Submit" buffers=2
time=2026-06-16T10:25:40.266+02:00 level=DEBUG msg="metal: submission completion handler registered" subIdx=67
time=2026-06-16T10:25:40.266+02:00 level=DEBUG msg="metal: frame completion handler registered"
time=2026-06-16T10:25:40.266+02:00 level=DEBUG msg="metal: encoding started" label="(wgpu internal) pending writes"
time=2026-06-16T10:25:40.266+02:00 level=DEBUG msg="metal: encoding started" label=session_surface_encoder
time=2026-06-16T10:25:40.266+02:00 level=DEBUG msg="metal: encoding ended"
time=2026-06-16T10:25:40.266+02:00 level=DEBUG msg="metal: encoding ended"
time=2026-06-16T10:25:40.266+02:00 level=DEBUG msg="metal: GPU completion tracking fired" blockID=131
time=2026-06-16T10:25:40.266+02:00 level=DEBUG msg="metal: frame completion fired" blockID=132
time=2026-06-16T10:25:40.266+02:00 level=DEBUG msg="metal: Submit" buffers=2
time=2026-06-16T10:25:40.266+02:00 level=DEBUG msg="metal: submission completion handler registered" subIdx=68
time=2026-06-16T10:25:40.266+02:00 level=DEBUG msg="metal: frame completion handler registered"
time=2026-06-16T10:25:40.266+02:00 level=DEBUG msg="metal: surface texture acquired" drawable=5745345888 texture=5005349984 width=1600 height=1800
time=2026-06-16T10:25:40.266+02:00 level=DEBUG msg="metal: WaitIdle starting"
time=2026-06-16T10:25:40.266+02:00 level=DEBUG msg="metal: GPU completion tracking fired" blockID=133
time=2026-06-16T10:25:40.266+02:00 level=DEBUG msg="metal: frame completion fired" blockID=134
time=2026-06-16T10:25:40.267+02:00 level=DEBUG msg="metal: GPU completion tracking fired" blockID=135
time=2026-06-16T10:25:40.267+02:00 level=DEBUG msg="metal: frame completion fired" blockID=136
time=2026-06-16T10:25:40.267+02:00 level=DEBUG msg="metal: WaitIdle complete"
time=2026-06-16T10:25:40.267+02:00 level=DEBUG msg="metal: encoding started" label="(wgpu internal) pending writes"
time=2026-06-16T10:25:40.267+02:00 level=DEBUG msg="metal: encoding started" label=session_blit_encoder
time=2026-06-16T10:25:40.267+02:00 level=DEBUG msg="metal: encoding ended"
time=2026-06-16T10:25:40.267+02:00 level=DEBUG msg="metal: encoding ended"
time=2026-06-16T10:25:40.267+02:00 level=DEBUG msg="metal: Submit" buffers=2
time=2026-06-16T10:25:40.267+02:00 level=DEBUG msg="metal: submission completion handler registered" subIdx=69
time=2026-06-16T10:25:40.267+02:00 level=DEBUG msg="metal: frame completion handler registered"
time=2026-06-16T10:25:40.267+02:00 level=DEBUG msg="metal: Present"
time=2026-06-16T10:25:40.267+02:00 level=DEBUG msg="metal: presentDrawable committed"
time=2026-06-16T10:25:40.268+02:00 level=DEBUG msg="metal: GPU completion tracking fired" blockID=137
time=2026-06-16T10:25:40.268+02:00 level=DEBUG msg="metal: frame completion fired" blockID=138
time=2026-06-16T10:25:40.271+02:00 level=DEBUG msg="metal: WaitIdle starting"
time=2026-06-16T10:25:40.271+02:00 level=DEBUG msg="metal: WaitIdle complete"
time=2026-06-16T10:25:40.271+02:00 level=DEBUG msg="metal: encoding started" label="(wgpu internal) pending writes"
time=2026-06-16T10:25:40.271+02:00 level=DEBUG msg="metal: encoding started" label=session_surface_encoder
time=2026-06-16T10:25:40.272+02:00 level=DEBUG msg="metal: encoding ended"
time=2026-06-16T10:25:40.272+02:00 level=DEBUG msg="metal: encoding ended"
time=2026-06-16T10:25:40.272+02:00 level=DEBUG msg="metal: Submit" buffers=2
time=2026-06-16T10:25:40.272+02:00 level=DEBUG msg="metal: submission completion handler registered" subIdx=70
time=2026-06-16T10:25:40.272+02:00 level=DEBUG msg="metal: frame completion handler registered"
time=2026-06-16T10:25:40.272+02:00 level=DEBUG msg="metal: WaitIdle starting"
time=2026-06-16T10:25:40.275+02:00 level=DEBUG msg="metal: GPU completion tracking fired" blockID=139
time=2026-06-16T10:25:40.275+02:00 level=DEBUG msg="metal: frame completion fired" blockID=140
time=2026-06-16T10:25:40.275+02:00 level=DEBUG msg="metal: WaitIdle complete"
time=2026-06-16T10:25:40.275+02:00 level=DEBUG msg="metal: encoding started" label="(wgpu internal) pending writes"
time=2026-06-16T10:25:40.275+02:00 level=DEBUG msg="metal: encoding started" label=session_surface_encoder
time=2026-06-16T10:25:40.275+02:00 level=DEBUG msg="metal: encoding ended"
time=2026-06-16T10:25:40.275+02:00 level=DEBUG msg="metal: encoding ended"
time=2026-06-16T10:25:40.275+02:00 level=DEBUG msg="metal: Submit" buffers=2
time=2026-06-16T10:25:40.275+02:00 level=DEBUG msg="metal: submission completion handler registered" subIdx=71
time=2026-06-16T10:25:40.275+02:00 level=DEBUG msg="metal: frame completion handler registered"
time=2026-06-16T10:25:40.275+02:00 level=DEBUG msg="metal: encoding started" label="(wgpu internal) pending writes"
time=2026-06-16T10:25:40.275+02:00 level=DEBUG msg="metal: encoding started" label=session_surface_encoder
time=2026-06-16T10:25:40.276+02:00 level=DEBUG msg="metal: encoding ended"
time=2026-06-16T10:25:40.276+02:00 level=DEBUG msg="metal: encoding ended"
time=2026-06-16T10:25:40.276+02:00 level=DEBUG msg="metal: Submit" buffers=2
time=2026-06-16T10:25:40.276+02:00 level=DEBUG msg="metal: submission completion handler registered" subIdx=72
time=2026-06-16T10:25:40.276+02:00 level=DEBUG msg="metal: frame completion handler registered"
time=2026-06-16T10:25:40.276+02:00 level=DEBUG msg="metal: encoding started" label="(wgpu internal) pending writes"
time=2026-06-16T10:25:40.276+02:00 level=DEBUG msg="metal: encoding started" label=session_surface_encoder
time=2026-06-16T10:25:40.276+02:00 level=DEBUG msg="metal: encoding ended"
time=2026-06-16T10:25:40.276+02:00 level=DEBUG msg="metal: encoding ended"
time=2026-06-16T10:25:40.276+02:00 level=DEBUG msg="metal: GPU completion tracking fired" blockID=141
time=2026-06-16T10:25:40.276+02:00 level=DEBUG msg="metal: frame completion fired" blockID=142
time=2026-06-16T10:25:40.276+02:00 level=DEBUG msg="metal: Submit" buffers=2
time=2026-06-16T10:25:40.276+02:00 level=DEBUG msg="metal: submission completion handler registered" subIdx=73
time=2026-06-16T10:25:40.276+02:00 level=DEBUG msg="metal: frame completion handler registered"
time=2026-06-16T10:25:40.276+02:00 level=DEBUG msg="metal: encoding started" label="(wgpu internal) pending writes"
time=2026-06-16T10:25:40.276+02:00 level=DEBUG msg="metal: encoding started" label=session_surface_encoder
time=2026-06-16T10:25:40.276+02:00 level=DEBUG msg="metal: encoding ended"
time=2026-06-16T10:25:40.276+02:00 level=DEBUG msg="metal: encoding ended"
time=2026-06-16T10:25:40.276+02:00 level=DEBUG msg="metal: GPU completion tracking fired" blockID=143
time=2026-06-16T10:25:40.276+02:00 level=DEBUG msg="metal: frame completion fired" blockID=144
time=2026-06-16T10:25:40.276+02:00 level=DEBUG msg="metal: Submit" buffers=2
time=2026-06-16T10:25:40.276+02:00 level=DEBUG msg="metal: submission completion handler registered" subIdx=74
time=2026-06-16T10:25:40.276+02:00 level=DEBUG msg="metal: frame completion handler registered"
time=2026-06-16T10:25:40.276+02:00 level=DEBUG msg="metal: encoding started" label="(wgpu internal) pending writes"
time=2026-06-16T10:25:40.276+02:00 level=DEBUG msg="metal: encoding started" label=session_surface_encoder
time=2026-06-16T10:25:40.276+02:00 level=DEBUG msg="metal: encoding ended"
time=2026-06-16T10:25:40.276+02:00 level=DEBUG msg="metal: encoding ended"
time=2026-06-16T10:25:40.276+02:00 level=DEBUG msg="metal: GPU completion tracking fired" blockID=145
time=2026-06-16T10:25:40.276+02:00 level=DEBUG msg="metal: frame completion fired" blockID=146
time=2026-06-16T10:25:40.276+02:00 level=DEBUG msg="metal: Submit" buffers=2
time=2026-06-16T10:25:40.276+02:00 level=DEBUG msg="metal: submission completion handler registered" subIdx=75
time=2026-06-16T10:25:40.276+02:00 level=DEBUG msg="metal: frame completion handler registered"
time=2026-06-16T10:25:40.276+02:00 level=DEBUG msg="metal: encoding started" label="(wgpu internal) pending writes"
time=2026-06-16T10:25:40.276+02:00 level=DEBUG msg="metal: encoding started" label=session_surface_encoder
time=2026-06-16T10:25:40.276+02:00 level=DEBUG msg="metal: encoding ended"
time=2026-06-16T10:25:40.276+02:00 level=DEBUG msg="metal: encoding ended"
time=2026-06-16T10:25:40.277+02:00 level=DEBUG msg="metal: GPU completion tracking fired" blockID=147
time=2026-06-16T10:25:40.277+02:00 level=DEBUG msg="metal: frame completion fired" blockID=148
time=2026-06-16T10:25:40.277+02:00 level=DEBUG msg="metal: Submit" buffers=2
time=2026-06-16T10:25:40.277+02:00 level=DEBUG msg="metal: submission completion handler registered" subIdx=76
time=2026-06-16T10:25:40.277+02:00 level=DEBUG msg="metal: frame completion handler registered"
time=2026-06-16T10:25:40.277+02:00 level=DEBUG msg="metal: encoding started" label="(wgpu internal) pending writes"
time=2026-06-16T10:25:40.277+02:00 level=DEBUG msg="metal: encoding started" label=session_surface_encoder
time=2026-06-16T10:25:40.277+02:00 level=DEBUG msg="metal: encoding ended"
time=2026-06-16T10:25:40.277+02:00 level=DEBUG msg="metal: encoding ended"
time=2026-06-16T10:25:40.277+02:00 level=DEBUG msg="metal: GPU completion tracking fired" blockID=149
time=2026-06-16T10:25:40.277+02:00 level=DEBUG msg="metal: frame completion fired" blockID=150
time=2026-06-16T10:25:40.277+02:00 level=DEBUG msg="metal: Submit" buffers=2
time=2026-06-16T10:25:40.277+02:00 level=DEBUG msg="metal: submission completion handler registered" subIdx=77
time=2026-06-16T10:25:40.277+02:00 level=DEBUG msg="metal: frame completion handler registered"
time=2026-06-16T10:25:40.277+02:00 level=DEBUG msg="metal: encoding started" label="(wgpu internal) pending writes"
time=2026-06-16T10:25:40.277+02:00 level=DEBUG msg="metal: encoding started" label=session_surface_encoder
time=2026-06-16T10:25:40.277+02:00 level=DEBUG msg="metal: encoding ended"
time=2026-06-16T10:25:40.277+02:00 level=DEBUG msg="metal: encoding ended"
time=2026-06-16T10:25:40.277+02:00 level=DEBUG msg="metal: GPU completion tracking fired" blockID=151
time=2026-06-16T10:25:40.277+02:00 level=DEBUG msg="metal: frame completion fired" blockID=152
time=2026-06-16T10:25:40.277+02:00 level=DEBUG msg="metal: Submit" buffers=2
time=2026-06-16T10:25:40.277+02:00 level=DEBUG msg="metal: submission completion handler registered" subIdx=78
time=2026-06-16T10:25:40.277+02:00 level=DEBUG msg="metal: frame completion handler registered"
time=2026-06-16T10:25:40.277+02:00 level=DEBUG msg="metal: encoding started" label="(wgpu internal) pending writes"
time=2026-06-16T10:25:40.277+02:00 level=DEBUG msg="metal: encoding started" label=session_surface_encoder
time=2026-06-16T10:25:40.277+02:00 level=DEBUG msg="metal: encoding ended"
time=2026-06-16T10:25:40.277+02:00 level=DEBUG msg="metal: encoding ended"
time=2026-06-16T10:25:40.277+02:00 level=DEBUG msg="metal: GPU completion tracking fired" blockID=153
time=2026-06-16T10:25:40.277+02:00 level=DEBUG msg="metal: frame completion fired" blockID=154
time=2026-06-16T10:25:40.277+02:00 level=DEBUG msg="metal: Submit" buffers=2
time=2026-06-16T10:25:40.277+02:00 level=DEBUG msg="metal: submission completion handler registered" subIdx=79
time=2026-06-16T10:25:40.277+02:00 level=DEBUG msg="metal: frame completion handler registered"
time=2026-06-16T10:25:40.277+02:00 level=DEBUG msg="metal: surface texture acquired" drawable=5745390608 texture=5745319152 width=1600 height=1800
time=2026-06-16T10:25:40.277+02:00 level=DEBUG msg="metal: WaitIdle starting"
time=2026-06-16T10:25:40.277+02:00 level=DEBUG msg="metal: GPU completion tracking fired" blockID=155
time=2026-06-16T10:25:40.277+02:00 level=DEBUG msg="metal: frame completion fired" blockID=156
time=2026-06-16T10:25:40.278+02:00 level=DEBUG msg="metal: GPU completion tracking fired" blockID=157
time=2026-06-16T10:25:40.278+02:00 level=DEBUG msg="metal: frame completion fired" blockID=158
time=2026-06-16T10:25:40.278+02:00 level=DEBUG msg="metal: WaitIdle complete"
time=2026-06-16T10:25:40.278+02:00 level=DEBUG msg="metal: encoding started" label="(wgpu internal) pending writes"
time=2026-06-16T10:25:40.278+02:00 level=DEBUG msg="metal: encoding started" label=session_blit_encoder
time=2026-06-16T10:25:40.278+02:00 level=DEBUG msg="metal: encoding ended"
time=2026-06-16T10:25:40.278+02:00 level=DEBUG msg="metal: encoding ended"
time=2026-06-16T10:25:40.278+02:00 level=DEBUG msg="metal: Submit" buffers=2
time=2026-06-16T10:25:40.278+02:00 level=DEBUG msg="metal: submission completion handler registered" subIdx=80
time=2026-06-16T10:25:40.278+02:00 level=DEBUG msg="metal: frame completion handler registered"
time=2026-06-16T10:25:40.278+02:00 level=DEBUG msg="metal: Present"
time=2026-06-16T10:25:40.278+02:00 level=DEBUG msg="metal: presentDrawable committed"
time=2026-06-16T10:25:40.279+02:00 level=DEBUG msg="metal: GPU completion tracking fired" blockID=159
time=2026-06-16T10:25:40.279+02:00 level=DEBUG msg="metal: frame completion fired" blockID=160
time=2026-06-16T10:25:40.285+02:00 level=DEBUG msg="metal: WaitIdle starting"
time=2026-06-16T10:25:40.285+02:00 level=DEBUG msg="metal: WaitIdle complete"
time=2026-06-16T10:25:40.286+02:00 level=DEBUG msg="metal: encoding started" label="(wgpu internal) pending writes"
time=2026-06-16T10:25:40.286+02:00 level=DEBUG msg="metal: encoding started" label=session_surface_encoder
time=2026-06-16T10:25:40.286+02:00 level=DEBUG msg="metal: encoding ended"
time=2026-06-16T10:25:40.286+02:00 level=DEBUG msg="metal: encoding ended"
time=2026-06-16T10:25:40.286+02:00 level=DEBUG msg="metal: Submit" buffers=2
time=2026-06-16T10:25:40.286+02:00 level=DEBUG msg="metal: submission completion handler registered" subIdx=81
time=2026-06-16T10:25:40.286+02:00 level=DEBUG msg="metal: frame completion handler registered"
time=2026-06-16T10:25:40.287+02:00 level=DEBUG msg="metal: WaitIdle starting"
time=2026-06-16T10:25:40.290+02:00 level=DEBUG msg="metal: GPU completion tracking fired" blockID=161
time=2026-06-16T10:25:40.290+02:00 level=DEBUG msg="metal: frame completion fired" blockID=162
time=2026-06-16T10:25:40.290+02:00 level=DEBUG msg="metal: WaitIdle complete"
time=2026-06-16T10:25:40.290+02:00 level=DEBUG msg="metal: encoding started" label="(wgpu internal) pending writes"
time=2026-06-16T10:25:40.290+02:00 level=DEBUG msg="metal: encoding started" label=session_surface_encoder
time=2026-06-16T10:25:40.290+02:00 level=DEBUG msg="metal: encoding ended"
time=2026-06-16T10:25:40.290+02:00 level=DEBUG msg="metal: encoding ended"
time=2026-06-16T10:25:40.290+02:00 level=DEBUG msg="metal: Submit" buffers=2
time=2026-06-16T10:25:40.291+02:00 level=DEBUG msg="metal: submission completion handler registered" subIdx=82
time=2026-06-16T10:25:40.291+02:00 level=DEBUG msg="metal: frame completion handler registered"
time=2026-06-16T10:25:40.291+02:00 level=DEBUG msg="metal: encoding started" label="(wgpu internal) pending writes"
time=2026-06-16T10:25:40.291+02:00 level=DEBUG msg="metal: encoding started" label=session_surface_encoder
time=2026-06-16T10:25:40.291+02:00 level=DEBUG msg="metal: encoding ended"
time=2026-06-16T10:25:40.291+02:00 level=DEBUG msg="metal: encoding ended"
time=2026-06-16T10:25:40.291+02:00 level=DEBUG msg="metal: Submit" buffers=2
time=2026-06-16T10:25:40.291+02:00 level=DEBUG msg="metal: submission completion handler registered" subIdx=83
time=2026-06-16T10:25:40.291+02:00 level=DEBUG msg="metal: frame completion handler registered"
time=2026-06-16T10:25:40.291+02:00 level=DEBUG msg="metal: encoding started" label="(wgpu internal) pending writes"
time=2026-06-16T10:25:40.291+02:00 level=DEBUG msg="metal: encoding started" label=session_surface_encoder
time=2026-06-16T10:25:40.291+02:00 level=DEBUG msg="metal: encoding ended"
time=2026-06-16T10:25:40.291+02:00 level=DEBUG msg="metal: encoding ended"
time=2026-06-16T10:25:40.291+02:00 level=DEBUG msg="metal: GPU completion tracking fired" blockID=163
time=2026-06-16T10:25:40.291+02:00 level=DEBUG msg="metal: frame completion fired" blockID=164
time=2026-06-16T10:25:40.291+02:00 level=DEBUG msg="metal: GPU completion tracking fired" blockID=165
time=2026-06-16T10:25:40.291+02:00 level=DEBUG msg="metal: frame completion fired" blockID=166
time=2026-06-16T10:25:40.291+02:00 level=DEBUG msg="metal: Submit" buffers=2
time=2026-06-16T10:25:40.291+02:00 level=DEBUG msg="metal: submission completion handler registered" subIdx=84
time=2026-06-16T10:25:40.291+02:00 level=DEBUG msg="metal: frame completion handler registered"
time=2026-06-16T10:25:40.291+02:00 level=DEBUG msg="metal: encoding started" label="(wgpu internal) pending writes"
time=2026-06-16T10:25:40.291+02:00 level=DEBUG msg="metal: encoding started" label=session_surface_encoder
time=2026-06-16T10:25:40.291+02:00 level=DEBUG msg="metal: encoding ended"
time=2026-06-16T10:25:40.291+02:00 level=DEBUG msg="metal: encoding ended"
time=2026-06-16T10:25:40.291+02:00 level=DEBUG msg="metal: Submit" buffers=2
time=2026-06-16T10:25:40.291+02:00 level=DEBUG msg="metal: submission completion handler registered" subIdx=85
time=2026-06-16T10:25:40.291+02:00 level=DEBUG msg="metal: frame completion handler registered"
time=2026-06-16T10:25:40.291+02:00 level=DEBUG msg="metal: encoding started" label="(wgpu internal) pending writes"
time=2026-06-16T10:25:40.292+02:00 level=DEBUG msg="metal: encoding started" label=session_surface_encoder
time=2026-06-16T10:25:40.292+02:00 level=DEBUG msg="metal: encoding ended"
time=2026-06-16T10:25:40.292+02:00 level=DEBUG msg="metal: encoding ended"
time=2026-06-16T10:25:40.292+02:00 level=DEBUG msg="metal: GPU completion tracking fired" blockID=167
time=2026-06-16T10:25:40.292+02:00 level=DEBUG msg="metal: frame completion fired" blockID=168
time=2026-06-16T10:25:40.292+02:00 level=DEBUG msg="metal: Submit" buffers=2
time=2026-06-16T10:25:40.292+02:00 level=DEBUG msg="metal: submission completion handler registered" subIdx=86
time=2026-06-16T10:25:40.292+02:00 level=DEBUG msg="metal: frame completion handler registered"
time=2026-06-16T10:25:40.292+02:00 level=DEBUG msg="metal: encoding started" label="(wgpu internal) pending writes"
time=2026-06-16T10:25:40.292+02:00 level=DEBUG msg="metal: encoding started" label=session_surface_encoder
time=2026-06-16T10:25:40.292+02:00 level=DEBUG msg="metal: encoding ended"
time=2026-06-16T10:25:40.292+02:00 level=DEBUG msg="metal: encoding ended"
time=2026-06-16T10:25:40.292+02:00 level=DEBUG msg="metal: GPU completion tracking fired" blockID=169
time=2026-06-16T10:25:40.292+02:00 level=DEBUG msg="metal: frame completion fired" blockID=170
time=2026-06-16T10:25:40.292+02:00 level=DEBUG msg="metal: Submit" buffers=2
time=2026-06-16T10:25:40.292+02:00 level=DEBUG msg="metal: submission completion handler registered" subIdx=87
time=2026-06-16T10:25:40.292+02:00 level=DEBUG msg="metal: frame completion handler registered"
time=2026-06-16T10:25:40.292+02:00 level=DEBUG msg="metal: encoding started" label="(wgpu internal) pending writes"
time=2026-06-16T10:25:40.292+02:00 level=DEBUG msg="metal: encoding started" label=session_surface_encoder
time=2026-06-16T10:25:40.292+02:00 level=DEBUG msg="metal: encoding ended"
time=2026-06-16T10:25:40.292+02:00 level=DEBUG msg="metal: encoding ended"
time=2026-06-16T10:25:40.292+02:00 level=DEBUG msg="metal: GPU completion tracking fired" blockID=171
time=2026-06-16T10:25:40.292+02:00 level=DEBUG msg="metal: frame completion fired" blockID=172
time=2026-06-16T10:25:40.292+02:00 level=DEBUG msg="metal: Submit" buffers=2
time=2026-06-16T10:25:40.292+02:00 level=DEBUG msg="metal: submission completion handler registered" subIdx=88
time=2026-06-16T10:25:40.292+02:00 level=DEBUG msg="metal: frame completion handler registered"
time=2026-06-16T10:25:40.292+02:00 level=DEBUG msg="metal: encoding started" label="(wgpu internal) pending writes"
time=2026-06-16T10:25:40.292+02:00 level=DEBUG msg="metal: encoding started" label=session_surface_encoder
time=2026-06-16T10:25:40.292+02:00 level=DEBUG msg="metal: encoding ended"
time=2026-06-16T10:25:40.292+02:00 level=DEBUG msg="metal: encoding ended"
time=2026-06-16T10:25:40.292+02:00 level=DEBUG msg="metal: GPU completion tracking fired" blockID=173
time=2026-06-16T10:25:40.292+02:00 level=DEBUG msg="metal: frame completion fired" blockID=174
time=2026-06-16T10:25:40.292+02:00 level=DEBUG msg="metal: Submit" buffers=2
time=2026-06-16T10:25:40.292+02:00 level=DEBUG msg="metal: submission completion handler registered" subIdx=89
time=2026-06-16T10:25:40.292+02:00 level=DEBUG msg="metal: frame completion handler registered"
time=2026-06-16T10:25:40.293+02:00 level=DEBUG msg="metal: surface texture acquired" drawable=5005323184 texture=5005349984 width=1600 height=1800
time=2026-06-16T10:25:40.293+02:00 level=DEBUG msg="metal: WaitIdle starting"
time=2026-06-16T10:25:40.293+02:00 level=DEBUG msg="metal: GPU completion tracking fired" blockID=175
time=2026-06-16T10:25:40.293+02:00 level=DEBUG msg="metal: frame completion fired" blockID=176
time=2026-06-16T10:25:40.293+02:00 level=DEBUG msg="metal: GPU completion tracking fired" blockID=177
time=2026-06-16T10:25:40.293+02:00 level=DEBUG msg="metal: frame completion fired" blockID=178
time=2026-06-16T10:25:40.293+02:00 level=DEBUG msg="metal: WaitIdle complete"
time=2026-06-16T10:25:40.293+02:00 level=DEBUG msg="metal: encoding started" label="(wgpu internal) pending writes"
time=2026-06-16T10:25:40.293+02:00 level=DEBUG msg="metal: encoding started" label=session_blit_encoder
time=2026-06-16T10:25:40.293+02:00 level=DEBUG msg="metal: encoding ended"
time=2026-06-16T10:25:40.293+02:00 level=DEBUG msg="metal: encoding ended"
time=2026-06-16T10:25:40.293+02:00 level=DEBUG msg="metal: Submit" buffers=2
time=2026-06-16T10:25:40.293+02:00 level=DEBUG msg="metal: submission completion handler registered" subIdx=90
time=2026-06-16T10:25:40.293+02:00 level=DEBUG msg="metal: frame completion handler registered"
time=2026-06-16T10:25:40.293+02:00 level=DEBUG msg="metal: Present"
time=2026-06-16T10:25:40.293+02:00 level=DEBUG msg="metal: presentDrawable committed"
time=2026-06-16T10:25:40.294+02:00 level=DEBUG msg="metal: GPU completion tracking fired" blockID=179
time=2026-06-16T10:25:40.294+02:00 level=DEBUG msg="metal: frame completion fired" blockID=180
time=2026-06-16T10:25:40.307+02:00 level=DEBUG msg="metal: WaitIdle starting"
time=2026-06-16T10:25:40.307+02:00 level=DEBUG msg="metal: WaitIdle complete"
time=2026-06-16T10:25:40.308+02:00 level=DEBUG msg="metal: encoding started" label="(wgpu internal) pending writes"
time=2026-06-16T10:25:40.308+02:00 level=DEBUG msg="metal: encoding started" label=session_surface_encoder
time=2026-06-16T10:25:40.308+02:00 level=DEBUG msg="metal: encoding ended"
time=2026-06-16T10:25:40.308+02:00 level=DEBUG msg="metal: encoding ended"
time=2026-06-16T10:25:40.308+02:00 level=DEBUG msg="metal: Submit" buffers=2
time=2026-06-16T10:25:40.308+02:00 level=DEBUG msg="metal: submission completion handler registered" subIdx=91
time=2026-06-16T10:25:40.308+02:00 level=DEBUG msg="metal: frame completion handler registered"
time=2026-06-16T10:25:40.309+02:00 level=DEBUG msg="metal: WaitIdle starting"
time=2026-06-16T10:25:40.312+02:00 level=DEBUG msg="metal: GPU completion tracking fired" blockID=181
time=2026-06-16T10:25:40.312+02:00 level=DEBUG msg="metal: frame completion fired" blockID=182
time=2026-06-16T10:25:40.312+02:00 level=DEBUG msg="metal: WaitIdle complete"
time=2026-06-16T10:25:40.312+02:00 level=DEBUG msg="metal: encoding started" label="(wgpu internal) pending writes"
time=2026-06-16T10:25:40.312+02:00 level=DEBUG msg="metal: encoding started" label=session_surface_encoder
time=2026-06-16T10:25:40.312+02:00 level=DEBUG msg="metal: encoding ended"
time=2026-06-16T10:25:40.312+02:00 level=DEBUG msg="metal: encoding ended"
time=2026-06-16T10:25:40.312+02:00 level=DEBUG msg="metal: Submit" buffers=2
time=2026-06-16T10:25:40.312+02:00 level=DEBUG msg="metal: submission completion handler registered" subIdx=92
time=2026-06-16T10:25:40.312+02:00 level=DEBUG msg="metal: frame completion handler registered"
time=2026-06-16T10:25:40.312+02:00 level=DEBUG msg="metal: encoding started" label="(wgpu internal) pending writes"
time=2026-06-16T10:25:40.312+02:00 level=DEBUG msg="metal: encoding started" label=session_surface_encoder
time=2026-06-16T10:25:40.312+02:00 level=DEBUG msg="metal: encoding ended"
time=2026-06-16T10:25:40.312+02:00 level=DEBUG msg="metal: encoding ended"
time=2026-06-16T10:25:40.312+02:00 level=DEBUG msg="metal: Submit" buffers=2
time=2026-06-16T10:25:40.312+02:00 level=DEBUG msg="metal: submission completion handler registered" subIdx=93
time=2026-06-16T10:25:40.312+02:00 level=DEBUG msg="metal: frame completion handler registered"
time=2026-06-16T10:25:40.312+02:00 level=DEBUG msg="metal: encoding started" label="(wgpu internal) pending writes"
time=2026-06-16T10:25:40.312+02:00 level=DEBUG msg="metal: encoding started" label=session_surface_encoder
time=2026-06-16T10:25:40.312+02:00 level=DEBUG msg="metal: encoding ended"
time=2026-06-16T10:25:40.312+02:00 level=DEBUG msg="metal: encoding ended"
time=2026-06-16T10:25:40.312+02:00 level=DEBUG msg="metal: GPU completion tracking fired" blockID=183
time=2026-06-16T10:25:40.312+02:00 level=DEBUG msg="metal: frame completion fired" blockID=184
time=2026-06-16T10:25:40.312+02:00 level=DEBUG msg="metal: Submit" buffers=2
time=2026-06-16T10:25:40.312+02:00 level=DEBUG msg="metal: submission completion handler registered" subIdx=94
time=2026-06-16T10:25:40.312+02:00 level=DEBUG msg="metal: frame completion handler registered"
time=2026-06-16T10:25:40.312+02:00 level=DEBUG msg="metal: encoding started" label="(wgpu internal) pending writes"
time=2026-06-16T10:25:40.313+02:00 level=DEBUG msg="metal: encoding started" label=session_surface_encoder
time=2026-06-16T10:25:40.313+02:00 level=DEBUG msg="metal: encoding ended"
time=2026-06-16T10:25:40.313+02:00 level=DEBUG msg="metal: encoding ended"
time=2026-06-16T10:25:40.313+02:00 level=DEBUG msg="metal: GPU completion tracking fired" blockID=185
time=2026-06-16T10:25:40.313+02:00 level=DEBUG msg="metal: frame completion fired" blockID=186
time=2026-06-16T10:25:40.313+02:00 level=DEBUG msg="metal: Submit" buffers=2
time=2026-06-16T10:25:40.313+02:00 level=DEBUG msg="metal: submission completion handler registered" subIdx=95
time=2026-06-16T10:25:40.313+02:00 level=DEBUG msg="metal: frame completion handler registered"
time=2026-06-16T10:25:40.313+02:00 level=DEBUG msg="metal: encoding started" label="(wgpu internal) pending writes"
time=2026-06-16T10:25:40.313+02:00 level=DEBUG msg="metal: encoding started" label=session_surface_encoder
time=2026-06-16T10:25:40.313+02:00 level=DEBUG msg="metal: encoding ended"
time=2026-06-16T10:25:40.313+02:00 level=DEBUG msg="metal: encoding ended"
time=2026-06-16T10:25:40.313+02:00 level=DEBUG msg="metal: GPU completion tracking fired" blockID=187
time=2026-06-16T10:25:40.313+02:00 level=DEBUG msg="metal: frame completion fired" blockID=188
time=2026-06-16T10:25:40.313+02:00 level=DEBUG msg="metal: Submit" buffers=2
time=2026-06-16T10:25:40.313+02:00 level=DEBUG msg="metal: submission completion handler registered" subIdx=96
time=2026-06-16T10:25:40.313+02:00 level=DEBUG msg="metal: frame completion handler registered"
time=2026-06-16T10:25:40.313+02:00 level=DEBUG msg="metal: encoding started" label="(wgpu internal) pending writes"
time=2026-06-16T10:25:40.313+02:00 level=DEBUG msg="metal: encoding started" label=session_surface_encoder
time=2026-06-16T10:25:40.313+02:00 level=DEBUG msg="metal: encoding ended"
time=2026-06-16T10:25:40.313+02:00 level=DEBUG msg="metal: encoding ended"
time=2026-06-16T10:25:40.313+02:00 level=DEBUG msg="metal: GPU completion tracking fired" blockID=189
time=2026-06-16T10:25:40.313+02:00 level=DEBUG msg="metal: frame completion fired" blockID=190
time=2026-06-16T10:25:40.313+02:00 level=DEBUG msg="metal: Submit" buffers=2
time=2026-06-16T10:25:40.313+02:00 level=DEBUG msg="metal: submission completion handler registered" subIdx=97
time=2026-06-16T10:25:40.313+02:00 level=DEBUG msg="metal: frame completion handler registered"
time=2026-06-16T10:25:40.313+02:00 level=DEBUG msg="metal: encoding started" label="(wgpu internal) pending writes"
time=2026-06-16T10:25:40.313+02:00 level=DEBUG msg="metal: encoding started" label=session_surface_encoder
time=2026-06-16T10:25:40.313+02:00 level=DEBUG msg="metal: encoding ended"
time=2026-06-16T10:25:40.313+02:00 level=DEBUG msg="metal: encoding ended"
time=2026-06-16T10:25:40.313+02:00 level=DEBUG msg="metal: GPU completion tracking fired" blockID=191
time=2026-06-16T10:25:40.313+02:00 level=DEBUG msg="metal: frame completion fired" blockID=192
time=2026-06-16T10:25:40.313+02:00 level=DEBUG msg="metal: Submit" buffers=2
time=2026-06-16T10:25:40.313+02:00 level=DEBUG msg="metal: submission completion handler registered" subIdx=98
time=2026-06-16T10:25:40.313+02:00 level=DEBUG msg="metal: frame completion handler registered"
time=2026-06-16T10:25:40.313+02:00 level=DEBUG msg="metal: surface texture acquired" drawable=5005328432 texture=5745319152 width=1600 height=1800
time=2026-06-16T10:25:40.313+02:00 level=DEBUG msg="metal: WaitIdle starting"
time=2026-06-16T10:25:40.314+02:00 level=DEBUG msg="metal: GPU completion tracking fired" blockID=193
time=2026-06-16T10:25:40.314+02:00 level=DEBUG msg="metal: frame completion fired" blockID=194
time=2026-06-16T10:25:40.314+02:00 level=DEBUG msg="metal: GPU completion tracking fired" blockID=195
time=2026-06-16T10:25:40.314+02:00 level=DEBUG msg="metal: frame completion fired" blockID=196
time=2026-06-16T10:25:40.314+02:00 level=DEBUG msg="metal: WaitIdle complete"
time=2026-06-16T10:25:40.314+02:00 level=DEBUG msg="metal: encoding started" label="(wgpu internal) pending writes"
time=2026-06-16T10:25:40.314+02:00 level=DEBUG msg="metal: encoding started" label=session_blit_encoder
time=2026-06-16T10:25:40.314+02:00 level=DEBUG msg="metal: encoding ended"
time=2026-06-16T10:25:40.314+02:00 level=DEBUG msg="metal: encoding ended"
time=2026-06-16T10:25:40.314+02:00 level=DEBUG msg="metal: Submit" buffers=2
time=2026-06-16T10:25:40.314+02:00 level=DEBUG msg="metal: submission completion handler registered" subIdx=99
time=2026-06-16T10:25:40.314+02:00 level=DEBUG msg="metal: frame completion handler registered"
time=2026-06-16T10:25:40.314+02:00 level=DEBUG msg="metal: Present"
time=2026-06-16T10:25:40.314+02:00 level=DEBUG msg="metal: presentDrawable committed"
time=2026-06-16T10:25:40.315+02:00 level=DEBUG msg="metal: GPU completion tracking fired" blockID=197
time=2026-06-16T10:25:40.315+02:00 level=DEBUG msg="metal: frame completion fired" blockID=198
time=2026-06-16T10:25:40.340+02:00 level=DEBUG msg="metal: WaitIdle starting"
time=2026-06-16T10:25:40.340+02:00 level=DEBUG msg="metal: WaitIdle complete"
time=2026-06-16T10:25:40.340+02:00 level=DEBUG msg="metal: encoding started" label="(wgpu internal) pending writes"
time=2026-06-16T10:25:40.340+02:00 level=DEBUG msg="metal: encoding started" label=session_surface_encoder
time=2026-06-16T10:25:40.341+02:00 level=DEBUG msg="metal: encoding ended"
time=2026-06-16T10:25:40.341+02:00 level=DEBUG msg="metal: encoding ended"
time=2026-06-16T10:25:40.341+02:00 level=DEBUG msg="metal: Submit" buffers=2
time=2026-06-16T10:25:40.341+02:00 level=DEBUG msg="metal: submission completion handler registered" subIdx=100
time=2026-06-16T10:25:40.341+02:00 level=DEBUG msg="metal: frame completion handler registered"
time=2026-06-16T10:25:40.341+02:00 level=DEBUG msg="metal: WaitIdle starting"
time=2026-06-16T10:25:40.344+02:00 level=DEBUG msg="metal: GPU completion tracking fired" blockID=199
time=2026-06-16T10:25:40.344+02:00 level=DEBUG msg="metal: frame completion fired" blockID=200
time=2026-06-16T10:25:40.344+02:00 level=DEBUG msg="metal: WaitIdle complete"
time=2026-06-16T10:25:40.344+02:00 level=DEBUG msg="metal: encoding started" label="(wgpu internal) pending writes"
time=2026-06-16T10:25:40.344+02:00 level=DEBUG msg="metal: encoding started" label=session_surface_encoder
time=2026-06-16T10:25:40.344+02:00 level=DEBUG msg="metal: encoding ended"
time=2026-06-16T10:25:40.344+02:00 level=DEBUG msg="metal: encoding ended"
time=2026-06-16T10:25:40.344+02:00 level=DEBUG msg="metal: Submit" buffers=2
time=2026-06-16T10:25:40.344+02:00 level=DEBUG msg="metal: submission completion handler registered" subIdx=101
time=2026-06-16T10:25:40.344+02:00 level=DEBUG msg="metal: frame completion handler registered"
time=2026-06-16T10:25:40.344+02:00 level=DEBUG msg="metal: encoding started" label="(wgpu internal) pending writes"
time=2026-06-16T10:25:40.344+02:00 level=DEBUG msg="metal: encoding started" label=session_surface_encoder
time=2026-06-16T10:25:40.344+02:00 level=DEBUG msg="metal: encoding ended"
time=2026-06-16T10:25:40.344+02:00 level=DEBUG msg="metal: encoding ended"
time=2026-06-16T10:25:40.344+02:00 level=DEBUG msg="metal: Submit" buffers=2
time=2026-06-16T10:25:40.344+02:00 level=DEBUG msg="metal: submission completion handler registered" subIdx=102
time=2026-06-16T10:25:40.344+02:00 level=DEBUG msg="metal: frame completion handler registered"
time=2026-06-16T10:25:40.344+02:00 level=DEBUG msg="metal: encoding started" label="(wgpu internal) pending writes"
time=2026-06-16T10:25:40.344+02:00 level=DEBUG msg="metal: encoding started" label=session_surface_encoder
time=2026-06-16T10:25:40.344+02:00 level=DEBUG msg="metal: encoding ended"
time=2026-06-16T10:25:40.344+02:00 level=DEBUG msg="metal: encoding ended"
time=2026-06-16T10:25:40.344+02:00 level=DEBUG msg="metal: GPU completion tracking fired" blockID=201
time=2026-06-16T10:25:40.344+02:00 level=DEBUG msg="metal: frame completion fired" blockID=202
time=2026-06-16T10:25:40.344+02:00 level=DEBUG msg="metal: Submit" buffers=2
time=2026-06-16T10:25:40.344+02:00 level=DEBUG msg="metal: submission completion handler registered" subIdx=103
time=2026-06-16T10:25:40.344+02:00 level=DEBUG msg="metal: frame completion handler registered"
time=2026-06-16T10:25:40.344+02:00 level=DEBUG msg="metal: encoding started" label="(wgpu internal) pending writes"
time=2026-06-16T10:25:40.344+02:00 level=DEBUG msg="metal: encoding started" label=session_surface_encoder
time=2026-06-16T10:25:40.345+02:00 level=DEBUG msg="metal: encoding ended"
time=2026-06-16T10:25:40.345+02:00 level=DEBUG msg="metal: encoding ended"
time=2026-06-16T10:25:40.345+02:00 level=DEBUG msg="metal: GPU completion tracking fired" blockID=203
time=2026-06-16T10:25:40.345+02:00 level=DEBUG msg="metal: frame completion fired" blockID=204
time=2026-06-16T10:25:40.345+02:00 level=DEBUG msg="metal: Submit" buffers=2
time=2026-06-16T10:25:40.345+02:00 level=DEBUG msg="metal: submission completion handler registered" subIdx=104
time=2026-06-16T10:25:40.345+02:00 level=DEBUG msg="metal: frame completion handler registered"
time=2026-06-16T10:25:40.345+02:00 level=DEBUG msg="metal: encoding started" label="(wgpu internal) pending writes"
time=2026-06-16T10:25:40.345+02:00 level=DEBUG msg="metal: encoding started" label=session_surface_encoder
time=2026-06-16T10:25:40.345+02:00 level=DEBUG msg="metal: encoding ended"
time=2026-06-16T10:25:40.345+02:00 level=DEBUG msg="metal: encoding ended"
time=2026-06-16T10:25:40.345+02:00 level=DEBUG msg="metal: GPU completion tracking fired" blockID=205
time=2026-06-16T10:25:40.345+02:00 level=DEBUG msg="metal: frame completion fired" blockID=206
time=2026-06-16T10:25:40.345+02:00 level=DEBUG msg="metal: Submit" buffers=2
time=2026-06-16T10:25:40.345+02:00 level=DEBUG msg="metal: submission completion handler registered" subIdx=105
time=2026-06-16T10:25:40.345+02:00 level=DEBUG msg="metal: frame completion handler registered"
time=2026-06-16T10:25:40.345+02:00 level=DEBUG msg="metal: encoding started" label="(wgpu internal) pending writes"
time=2026-06-16T10:25:40.345+02:00 level=DEBUG msg="metal: encoding started" label=session_surface_encoder
time=2026-06-16T10:25:40.345+02:00 level=DEBUG msg="metal: encoding ended"
time=2026-06-16T10:25:40.345+02:00 level=DEBUG msg="metal: encoding ended"
time=2026-06-16T10:25:40.345+02:00 level=DEBUG msg="metal: GPU completion tracking fired" blockID=207
time=2026-06-16T10:25:40.345+02:00 level=DEBUG msg="metal: frame completion fired" blockID=208
time=2026-06-16T10:25:40.345+02:00 level=DEBUG msg="metal: Submit" buffers=2
time=2026-06-16T10:25:40.345+02:00 level=DEBUG msg="metal: submission completion handler registered" subIdx=106
time=2026-06-16T10:25:40.345+02:00 level=DEBUG msg="metal: frame completion handler registered"
time=2026-06-16T10:25:40.345+02:00 level=DEBUG msg="metal: encoding started" label="(wgpu internal) pending writes"
time=2026-06-16T10:25:40.345+02:00 level=DEBUG msg="metal: encoding started" label=session_surface_encoder
time=2026-06-16T10:25:40.345+02:00 level=DEBUG msg="metal: encoding ended"
time=2026-06-16T10:25:40.345+02:00 level=DEBUG msg="metal: encoding ended"
time=2026-06-16T10:25:40.345+02:00 level=DEBUG msg="metal: GPU completion tracking fired" blockID=209
time=2026-06-16T10:25:40.345+02:00 level=DEBUG msg="metal: frame completion fired" blockID=210
time=2026-06-16T10:25:40.345+02:00 level=DEBUG msg="metal: Submit" buffers=2
time=2026-06-16T10:25:40.345+02:00 level=DEBUG msg="metal: submission completion handler registered" subIdx=107
time=2026-06-16T10:25:40.345+02:00 level=DEBUG msg="metal: frame completion handler registered"
time=2026-06-16T10:25:40.345+02:00 level=DEBUG msg="metal: surface texture acquired" drawable=5005418736 texture=5005349984 width=1600 height=1800
time=2026-06-16T10:25:40.345+02:00 level=DEBUG msg="metal: WaitIdle starting"
time=2026-06-16T10:25:40.346+02:00 level=DEBUG msg="metal: GPU completion tracking fired" blockID=211
time=2026-06-16T10:25:40.346+02:00 level=DEBUG msg="metal: frame completion fired" blockID=212
time=2026-06-16T10:25:40.346+02:00 level=DEBUG msg="metal: GPU completion tracking fired" blockID=213
time=2026-06-16T10:25:40.346+02:00 level=DEBUG msg="metal: frame completion fired" blockID=214
time=2026-06-16T10:25:40.346+02:00 level=DEBUG msg="metal: WaitIdle complete"
time=2026-06-16T10:25:40.346+02:00 level=DEBUG msg="metal: encoding started" label="(wgpu internal) pending writes"
time=2026-06-16T10:25:40.346+02:00 level=DEBUG msg="metal: encoding started" label=session_blit_encoder
time=2026-06-16T10:25:40.346+02:00 level=DEBUG msg="metal: encoding ended"
time=2026-06-16T10:25:40.346+02:00 level=DEBUG msg="metal: encoding ended"
time=2026-06-16T10:25:40.346+02:00 level=DEBUG msg="metal: Submit" buffers=2
time=2026-06-16T10:25:40.346+02:00 level=DEBUG msg="metal: submission completion handler registered" subIdx=108
time=2026-06-16T10:25:40.346+02:00 level=DEBUG msg="metal: frame completion handler registered"
time=2026-06-16T10:25:40.346+02:00 level=DEBUG msg="metal: Present"
time=2026-06-16T10:25:40.346+02:00 level=DEBUG msg="metal: presentDrawable committed"
time=2026-06-16T10:25:40.347+02:00 level=DEBUG msg="metal: GPU completion tracking fired" blockID=215
time=2026-06-16T10:25:40.347+02:00 level=DEBUG msg="metal: frame completion fired" blockID=216
time=2026-06-16T10:25:40.361+02:00 level=DEBUG msg="metal: WaitIdle starting"
time=2026-06-16T10:25:40.361+02:00 level=DEBUG msg="metal: WaitIdle complete"
time=2026-06-16T10:25:40.361+02:00 level=DEBUG msg="metal: encoding started" label="(wgpu internal) pending writes"
time=2026-06-16T10:25:40.362+02:00 level=DEBUG msg="metal: encoding started" label=session_surface_encoder
time=2026-06-16T10:25:40.362+02:00 level=DEBUG msg="metal: encoding ended"
time=2026-06-16T10:25:40.362+02:00 level=DEBUG msg="metal: encoding ended"
time=2026-06-16T10:25:40.362+02:00 level=DEBUG msg="metal: Submit" buffers=2
time=2026-06-16T10:25:40.362+02:00 level=DEBUG msg="metal: submission completion handler registered" subIdx=109
time=2026-06-16T10:25:40.362+02:00 level=DEBUG msg="metal: frame completion handler registered"
time=2026-06-16T10:25:40.362+02:00 level=DEBUG msg="metal: WaitIdle starting"
time=2026-06-16T10:25:40.365+02:00 level=DEBUG msg="metal: GPU completion tracking fired" blockID=217
time=2026-06-16T10:25:40.365+02:00 level=DEBUG msg="metal: frame completion fired" blockID=218
time=2026-06-16T10:25:40.365+02:00 level=DEBUG msg="metal: WaitIdle complete"
time=2026-06-16T10:25:40.365+02:00 level=DEBUG msg="metal: encoding started" label="(wgpu internal) pending writes"
time=2026-06-16T10:25:40.365+02:00 level=DEBUG msg="metal: encoding started" label=session_surface_encoder
time=2026-06-16T10:25:40.365+02:00 level=DEBUG msg="metal: encoding ended"
time=2026-06-16T10:25:40.365+02:00 level=DEBUG msg="metal: encoding ended"
time=2026-06-16T10:25:40.365+02:00 level=DEBUG msg="metal: Submit" buffers=2
time=2026-06-16T10:25:40.365+02:00 level=DEBUG msg="metal: submission completion handler registered" subIdx=110
time=2026-06-16T10:25:40.365+02:00 level=DEBUG msg="metal: frame completion handler registered"
time=2026-06-16T10:25:40.365+02:00 level=DEBUG msg="metal: encoding started" label="(wgpu internal) pending writes"
time=2026-06-16T10:25:40.365+02:00 level=DEBUG msg="metal: encoding started" label=session_surface_encoder
time=2026-06-16T10:25:40.365+02:00 level=DEBUG msg="metal: encoding ended"
time=2026-06-16T10:25:40.365+02:00 level=DEBUG msg="metal: encoding ended"
time=2026-06-16T10:25:40.365+02:00 level=DEBUG msg="metal: Submit" buffers=2
time=2026-06-16T10:25:40.365+02:00 level=DEBUG msg="metal: submission completion handler registered" subIdx=111
time=2026-06-16T10:25:40.365+02:00 level=DEBUG msg="metal: frame completion handler registered"
time=2026-06-16T10:25:40.365+02:00 level=DEBUG msg="metal: encoding started" label="(wgpu internal) pending writes"
time=2026-06-16T10:25:40.365+02:00 level=DEBUG msg="metal: encoding started" label=session_surface_encoder
time=2026-06-16T10:25:40.365+02:00 level=DEBUG msg="metal: encoding ended"
time=2026-06-16T10:25:40.365+02:00 level=DEBUG msg="metal: encoding ended"
time=2026-06-16T10:25:40.366+02:00 level=DEBUG msg="metal: GPU completion tracking fired" blockID=219
time=2026-06-16T10:25:40.366+02:00 level=DEBUG msg="metal: frame completion fired" blockID=220
time=2026-06-16T10:25:40.366+02:00 level=DEBUG msg="metal: GPU completion tracking fired" blockID=221
time=2026-06-16T10:25:40.366+02:00 level=DEBUG msg="metal: frame completion fired" blockID=222
time=2026-06-16T10:25:40.366+02:00 level=DEBUG msg="metal: Submit" buffers=2
time=2026-06-16T10:25:40.366+02:00 level=DEBUG msg="metal: submission completion handler registered" subIdx=112
time=2026-06-16T10:25:40.366+02:00 level=DEBUG msg="metal: frame completion handler registered"
time=2026-06-16T10:25:40.366+02:00 level=DEBUG msg="metal: encoding started" label="(wgpu internal) pending writes"
time=2026-06-16T10:25:40.366+02:00 level=DEBUG msg="metal: encoding started" label=session_surface_encoder
time=2026-06-16T10:25:40.366+02:00 level=DEBUG msg="metal: encoding ended"
time=2026-06-16T10:25:40.366+02:00 level=DEBUG msg="metal: encoding ended"
time=2026-06-16T10:25:40.366+02:00 level=DEBUG msg="metal: Submit" buffers=2
time=2026-06-16T10:25:40.366+02:00 level=DEBUG msg="metal: submission completion handler registered" subIdx=113
time=2026-06-16T10:25:40.366+02:00 level=DEBUG msg="metal: frame completion handler registered"
time=2026-06-16T10:25:40.366+02:00 level=DEBUG msg="metal: encoding started" label="(wgpu internal) pending writes"
time=2026-06-16T10:25:40.366+02:00 level=DEBUG msg="metal: encoding started" label=session_surface_encoder
time=2026-06-16T10:25:40.366+02:00 level=DEBUG msg="metal: encoding ended"
time=2026-06-16T10:25:40.366+02:00 level=DEBUG msg="metal: encoding ended"
time=2026-06-16T10:25:40.366+02:00 level=DEBUG msg="metal: GPU completion tracking fired" blockID=223
time=2026-06-16T10:25:40.366+02:00 level=DEBUG msg="metal: frame completion fired" blockID=224
time=2026-06-16T10:25:40.366+02:00 level=DEBUG msg="metal: Submit" buffers=2
time=2026-06-16T10:25:40.366+02:00 level=DEBUG msg="metal: submission completion handler registered" subIdx=114
time=2026-06-16T10:25:40.366+02:00 level=DEBUG msg="metal: frame completion handler registered"
time=2026-06-16T10:25:40.366+02:00 level=DEBUG msg="metal: encoding started" label="(wgpu internal) pending writes"
time=2026-06-16T10:25:40.366+02:00 level=DEBUG msg="metal: encoding started" label=session_surface_encoder
time=2026-06-16T10:25:40.366+02:00 level=DEBUG msg="metal: encoding ended"
time=2026-06-16T10:25:40.366+02:00 level=DEBUG msg="metal: encoding ended"
time=2026-06-16T10:25:40.366+02:00 level=DEBUG msg="metal: GPU completion tracking fired" blockID=225
time=2026-06-16T10:25:40.367+02:00 level=DEBUG msg="metal: frame completion fired" blockID=226
time=2026-06-16T10:25:40.367+02:00 level=DEBUG msg="metal: Submit" buffers=2
time=2026-06-16T10:25:40.367+02:00 level=DEBUG msg="metal: submission completion handler registered" subIdx=115
time=2026-06-16T10:25:40.367+02:00 level=DEBUG msg="metal: frame completion handler registered"
time=2026-06-16T10:25:40.367+02:00 level=DEBUG msg="metal: encoding started" label="(wgpu internal) pending writes"
time=2026-06-16T10:25:40.367+02:00 level=DEBUG msg="metal: encoding started" label=session_surface_encoder
time=2026-06-16T10:25:40.367+02:00 level=DEBUG msg="metal: encoding ended"
time=2026-06-16T10:25:40.367+02:00 level=DEBUG msg="metal: encoding ended"
time=2026-06-16T10:25:40.367+02:00 level=DEBUG msg="metal: GPU completion tracking fired" blockID=227
time=2026-06-16T10:25:40.367+02:00 level=DEBUG msg="metal: frame completion fired" blockID=228
time=2026-06-16T10:25:40.367+02:00 level=DEBUG msg="metal: Submit" buffers=2
time=2026-06-16T10:25:40.367+02:00 level=DEBUG msg="metal: submission completion handler registered" subIdx=116
time=2026-06-16T10:25:40.367+02:00 level=DEBUG msg="metal: frame completion handler registered"
time=2026-06-16T10:25:40.367+02:00 level=DEBUG msg="metal: encoding started" label="(wgpu internal) pending writes"
time=2026-06-16T10:25:40.367+02:00 level=DEBUG msg="metal: encoding started" label=session_surface_encoder
time=2026-06-16T10:25:40.367+02:00 level=DEBUG msg="metal: encoding ended"
time=2026-06-16T10:25:40.367+02:00 level=DEBUG msg="metal: encoding ended"
time=2026-06-16T10:25:40.367+02:00 level=DEBUG msg="metal: GPU completion tracking fired" blockID=229
time=2026-06-16T10:25:40.367+02:00 level=DEBUG msg="metal: frame completion fired" blockID=230
time=2026-06-16T10:25:40.367+02:00 level=DEBUG msg="metal: Submit" buffers=2
time=2026-06-16T10:25:40.367+02:00 level=DEBUG msg="metal: submission completion handler registered" subIdx=117
time=2026-06-16T10:25:40.367+02:00 level=DEBUG msg="metal: frame completion handler registered"
time=2026-06-16T10:25:40.367+02:00 level=DEBUG msg="metal: surface texture acquired" drawable=5006613984 texture=5745319152 width=1600 height=1800
time=2026-06-16T10:25:40.367+02:00 level=DEBUG msg="metal: WaitIdle starting"
time=2026-06-16T10:25:40.367+02:00 level=DEBUG msg="metal: GPU completion tracking fired" blockID=231
time=2026-06-16T10:25:40.367+02:00 level=DEBUG msg="metal: frame completion fired" blockID=232
time=2026-06-16T10:25:40.368+02:00 level=DEBUG msg="metal: GPU completion tracking fired" blockID=233
time=2026-06-16T10:25:40.368+02:00 level=DEBUG msg="metal: frame completion fired" blockID=234
time=2026-06-16T10:25:40.368+02:00 level=DEBUG msg="metal: WaitIdle complete"
time=2026-06-16T10:25:40.368+02:00 level=DEBUG msg="metal: encoding started" label="(wgpu internal) pending writes"
time=2026-06-16T10:25:40.368+02:00 level=DEBUG msg="metal: encoding started" label=session_blit_encoder
time=2026-06-16T10:25:40.368+02:00 level=DEBUG msg="metal: encoding ended"
time=2026-06-16T10:25:40.368+02:00 level=DEBUG msg="metal: encoding ended"
time=2026-06-16T10:25:40.368+02:00 level=DEBUG msg="metal: Submit" buffers=2
time=2026-06-16T10:25:40.368+02:00 level=DEBUG msg="metal: submission completion handler registered" subIdx=118
time=2026-06-16T10:25:40.368+02:00 level=DEBUG msg="metal: frame completion handler registered"
time=2026-06-16T10:25:40.368+02:00 level=DEBUG msg="metal: Present"
time=2026-06-16T10:25:40.368+02:00 level=DEBUG msg="metal: presentDrawable committed"
time=2026-06-16T10:25:40.369+02:00 level=DEBUG msg="metal: GPU completion tracking fired" blockID=235
time=2026-06-16T10:25:40.369+02:00 level=DEBUG msg="metal: frame completion fired" blockID=236
time=2026-06-16T10:25:40.375+02:00 level=DEBUG msg="metal: WaitIdle starting"
time=2026-06-16T10:25:40.375+02:00 level=DEBUG msg="metal: WaitIdle complete"
time=2026-06-16T10:25:40.375+02:00 level=DEBUG msg="metal: encoding started" label="(wgpu internal) pending writes"
time=2026-06-16T10:25:40.375+02:00 level=DEBUG msg="metal: encoding started" label=session_surface_encoder
time=2026-06-16T10:25:40.375+02:00 level=DEBUG msg="metal: encoding ended"
time=2026-06-16T10:25:40.375+02:00 level=DEBUG msg="metal: encoding ended"
time=2026-06-16T10:25:40.375+02:00 level=DEBUG msg="metal: Submit" buffers=2
time=2026-06-16T10:25:40.375+02:00 level=DEBUG msg="metal: submission completion handler registered" subIdx=119
time=2026-06-16T10:25:40.375+02:00 level=DEBUG msg="metal: frame completion handler registered"
time=2026-06-16T10:25:40.375+02:00 level=DEBUG msg="metal: WaitIdle starting"
time=2026-06-16T10:25:40.378+02:00 level=DEBUG msg="metal: GPU completion tracking fired" blockID=237
time=2026-06-16T10:25:40.378+02:00 level=DEBUG msg="metal: frame completion fired" blockID=238
time=2026-06-16T10:25:40.378+02:00 level=DEBUG msg="metal: WaitIdle complete"
time=2026-06-16T10:25:40.378+02:00 level=DEBUG msg="metal: encoding started" label="(wgpu internal) pending writes"
time=2026-06-16T10:25:40.378+02:00 level=DEBUG msg="metal: encoding started" label=session_surface_encoder
time=2026-06-16T10:25:40.378+02:00 level=DEBUG msg="metal: encoding ended"
time=2026-06-16T10:25:40.378+02:00 level=DEBUG msg="metal: encoding ended"
time=2026-06-16T10:25:40.378+02:00 level=DEBUG msg="metal: Submit" buffers=2
time=2026-06-16T10:25:40.378+02:00 level=DEBUG msg="metal: submission completion handler registered" subIdx=120
time=2026-06-16T10:25:40.378+02:00 level=DEBUG msg="metal: frame completion handler registered"
time=2026-06-16T10:25:40.378+02:00 level=DEBUG msg="metal: encoding started" label="(wgpu internal) pending writes"
time=2026-06-16T10:25:40.378+02:00 level=DEBUG msg="metal: encoding started" label=session_surface_encoder
time=2026-06-16T10:25:40.378+02:00 level=DEBUG msg="metal: encoding ended"
time=2026-06-16T10:25:40.378+02:00 level=DEBUG msg="metal: encoding ended"
time=2026-06-16T10:25:40.378+02:00 level=DEBUG msg="metal: Submit" buffers=2
time=2026-06-16T10:25:40.378+02:00 level=DEBUG msg="metal: submission completion handler registered" subIdx=121
time=2026-06-16T10:25:40.378+02:00 level=DEBUG msg="metal: frame completion handler registered"
time=2026-06-16T10:25:40.378+02:00 level=DEBUG msg="metal: encoding started" label="(wgpu internal) pending writes"
time=2026-06-16T10:25:40.378+02:00 level=DEBUG msg="metal: encoding started" label=session_surface_encoder
time=2026-06-16T10:25:40.378+02:00 level=DEBUG msg="metal: encoding ended"
time=2026-06-16T10:25:40.378+02:00 level=DEBUG msg="metal: encoding ended"
time=2026-06-16T10:25:40.378+02:00 level=DEBUG msg="metal: GPU completion tracking fired" blockID=239
time=2026-06-16T10:25:40.378+02:00 level=DEBUG msg="metal: frame completion fired" blockID=240
time=2026-06-16T10:25:40.378+02:00 level=DEBUG msg="metal: GPU completion tracking fired" blockID=241
time=2026-06-16T10:25:40.378+02:00 level=DEBUG msg="metal: Submit" buffers=2
time=2026-06-16T10:25:40.378+02:00 level=DEBUG msg="metal: frame completion fired" blockID=242
time=2026-06-16T10:25:40.378+02:00 level=DEBUG msg="metal: submission completion handler registered" subIdx=122
time=2026-06-16T10:25:40.378+02:00 level=DEBUG msg="metal: frame completion handler registered"
time=2026-06-16T10:25:40.379+02:00 level=DEBUG msg="metal: encoding started" label="(wgpu internal) pending writes"
time=2026-06-16T10:25:40.379+02:00 level=DEBUG msg="metal: encoding started" label=session_surface_encoder
time=2026-06-16T10:25:40.379+02:00 level=DEBUG msg="metal: encoding ended"
time=2026-06-16T10:25:40.379+02:00 level=DEBUG msg="metal: encoding ended"
time=2026-06-16T10:25:40.379+02:00 level=DEBUG msg="metal: Submit" buffers=2
time=2026-06-16T10:25:40.379+02:00 level=DEBUG msg="metal: submission completion handler registered" subIdx=123
time=2026-06-16T10:25:40.379+02:00 level=DEBUG msg="metal: frame completion handler registered"
time=2026-06-16T10:25:40.379+02:00 level=DEBUG msg="metal: encoding started" label="(wgpu internal) pending writes"
time=2026-06-16T10:25:40.379+02:00 level=DEBUG msg="metal: encoding started" label=session_surface_encoder
time=2026-06-16T10:25:40.379+02:00 level=DEBUG msg="metal: encoding ended"
time=2026-06-16T10:25:40.379+02:00 level=DEBUG msg="metal: encoding ended"
time=2026-06-16T10:25:40.379+02:00 level=DEBUG msg="metal: GPU completion tracking fired" blockID=243
time=2026-06-16T10:25:40.379+02:00 level=DEBUG msg="metal: frame completion fired" blockID=244
time=2026-06-16T10:25:40.379+02:00 level=DEBUG msg="metal: Submit" buffers=2
time=2026-06-16T10:25:40.379+02:00 level=DEBUG msg="metal: submission completion handler registered" subIdx=124
time=2026-06-16T10:25:40.379+02:00 level=DEBUG msg="metal: frame completion handler registered"
time=2026-06-16T10:25:40.379+02:00 level=DEBUG msg="metal: encoding started" label="(wgpu internal) pending writes"
time=2026-06-16T10:25:40.379+02:00 level=DEBUG msg="metal: encoding started" label=session_surface_encoder
time=2026-06-16T10:25:40.379+02:00 level=DEBUG msg="metal: encoding ended"
time=2026-06-16T10:25:40.379+02:00 level=DEBUG msg="metal: encoding ended"
time=2026-06-16T10:25:40.379+02:00 level=DEBUG msg="metal: GPU completion tracking fired" blockID=245
time=2026-06-16T10:25:40.379+02:00 level=DEBUG msg="metal: frame completion fired" blockID=246
time=2026-06-16T10:25:40.379+02:00 level=DEBUG msg="metal: Submit" buffers=2
time=2026-06-16T10:25:40.379+02:00 level=DEBUG msg="metal: submission completion handler registered" subIdx=125
time=2026-06-16T10:25:40.379+02:00 level=DEBUG msg="metal: frame completion handler registered"
time=2026-06-16T10:25:40.379+02:00 level=DEBUG msg="metal: encoding started" label="(wgpu internal) pending writes"
time=2026-06-16T10:25:40.379+02:00 level=DEBUG msg="metal: encoding started" label=session_surface_encoder
time=2026-06-16T10:25:40.379+02:00 level=DEBUG msg="metal: encoding ended"
time=2026-06-16T10:25:40.379+02:00 level=DEBUG msg="metal: encoding ended"
time=2026-06-16T10:25:40.379+02:00 level=DEBUG msg="metal: GPU completion tracking fired" blockID=247
time=2026-06-16T10:25:40.379+02:00 level=DEBUG msg="metal: frame completion fired" blockID=248
time=2026-06-16T10:25:40.379+02:00 level=DEBUG msg="metal: Submit" buffers=2
time=2026-06-16T10:25:40.379+02:00 level=DEBUG msg="metal: submission completion handler registered" subIdx=126
time=2026-06-16T10:25:40.379+02:00 level=DEBUG msg="metal: frame completion handler registered"
time=2026-06-16T10:25:40.379+02:00 level=DEBUG msg="metal: encoding started" label="(wgpu internal) pending writes"
time=2026-06-16T10:25:40.379+02:00 level=DEBUG msg="metal: encoding started" label=session_surface_encoder
time=2026-06-16T10:25:40.379+02:00 level=DEBUG msg="metal: encoding ended"
time=2026-06-16T10:25:40.379+02:00 level=DEBUG msg="metal: encoding ended"
time=2026-06-16T10:25:40.379+02:00 level=DEBUG msg="metal: GPU completion tracking fired" blockID=249
time=2026-06-16T10:25:40.379+02:00 level=DEBUG msg="metal: frame completion fired" blockID=250
time=2026-06-16T10:25:40.379+02:00 level=DEBUG msg="metal: Submit" buffers=2
time=2026-06-16T10:25:40.379+02:00 level=DEBUG msg="metal: submission completion handler registered" subIdx=127
time=2026-06-16T10:25:40.379+02:00 level=DEBUG msg="metal: frame completion handler registered"
time=2026-06-16T10:25:40.379+02:00 level=DEBUG msg="metal: encoding started" label="(wgpu internal) pending writes"
time=2026-06-16T10:25:40.379+02:00 level=DEBUG msg="metal: encoding started" label=session_surface_encoder
time=2026-06-16T10:25:40.379+02:00 level=DEBUG msg="metal: encoding ended"
time=2026-06-16T10:25:40.379+02:00 level=DEBUG msg="metal: encoding ended"
time=2026-06-16T10:25:40.379+02:00 level=DEBUG msg="metal: GPU completion tracking fired" blockID=251
time=2026-06-16T10:25:40.379+02:00 level=DEBUG msg="metal: frame completion fired" blockID=252
time=2026-06-16T10:25:40.380+02:00 level=DEBUG msg="metal: Submit" buffers=2
time=2026-06-16T10:25:40.380+02:00 level=DEBUG msg="metal: submission completion handler registered" subIdx=128
time=2026-06-16T10:25:40.380+02:00 level=DEBUG msg="metal: frame completion handler registered"
time=2026-06-16T10:25:40.380+02:00 level=DEBUG msg="metal: surface texture acquired" drawable=5085812992 texture=5005349984 width=1600 height=1800
time=2026-06-16T10:25:40.380+02:00 level=DEBUG msg="metal: WaitIdle starting"
time=2026-06-16T10:25:40.380+02:00 level=DEBUG msg="metal: GPU completion tracking fired" blockID=253
time=2026-06-16T10:25:40.380+02:00 level=DEBUG msg="metal: frame completion fired" blockID=254
time=2026-06-16T10:25:40.380+02:00 level=DEBUG msg="metal: GPU completion tracking fired" blockID=255
time=2026-06-16T10:25:40.380+02:00 level=DEBUG msg="metal: frame completion fired" blockID=256
time=2026-06-16T10:25:40.380+02:00 level=DEBUG msg="metal: WaitIdle complete"
time=2026-06-16T10:25:40.380+02:00 level=DEBUG msg="metal: encoding started" label="(wgpu internal) pending writes"
time=2026-06-16T10:25:40.380+02:00 level=DEBUG msg="metal: encoding started" label=session_blit_encoder
time=2026-06-16T10:25:40.380+02:00 level=DEBUG msg="metal: encoding ended"
time=2026-06-16T10:25:40.380+02:00 level=DEBUG msg="metal: encoding ended"
time=2026-06-16T10:25:40.380+02:00 level=DEBUG msg="metal: Submit" buffers=2
time=2026-06-16T10:25:40.380+02:00 level=DEBUG msg="metal: submission completion handler registered" subIdx=129
time=2026-06-16T10:25:40.380+02:00 level=DEBUG msg="metal: frame completion handler registered"
time=2026-06-16T10:25:40.380+02:00 level=DEBUG msg="metal: Present"
time=2026-06-16T10:25:40.380+02:00 level=DEBUG msg="metal: presentDrawable committed"
time=2026-06-16T10:25:40.381+02:00 level=DEBUG msg="metal: GPU completion tracking fired" blockID=257
time=2026-06-16T10:25:40.381+02:00 level=DEBUG msg="metal: frame completion fired" blockID=258
time=2026-06-16T10:25:41.343+02:00 level=DEBUG msg="metal: WaitIdle starting"
time=2026-06-16T10:25:41.344+02:00 level=DEBUG msg="metal: WaitIdle complete"
time=2026-06-16T10:25:41.344+02:00 level=DEBUG msg="metal: encoding started" label="(wgpu internal) pending writes"
time=2026-06-16T10:25:41.344+02:00 level=DEBUG msg="metal: encoding started" label=session_surface_encoder
time=2026-06-16T10:25:41.344+02:00 level=DEBUG msg="metal: encoding ended"
time=2026-06-16T10:25:41.344+02:00 level=DEBUG msg="metal: encoding ended"
time=2026-06-16T10:25:41.344+02:00 level=DEBUG msg="metal: Submit" buffers=2
time=2026-06-16T10:25:41.344+02:00 level=DEBUG msg="metal: submission completion handler registered" subIdx=130
time=2026-06-16T10:25:41.344+02:00 level=DEBUG msg="metal: frame completion handler registered"
time=2026-06-16T10:25:41.344+02:00 level=DEBUG msg="metal: surface texture acquired" drawable=5005279376 texture=5745319152 width=1600 height=1800
time=2026-06-16T10:25:41.344+02:00 level=DEBUG msg="metal: WaitIdle starting"
time=2026-06-16T10:25:41.348+02:00 level=DEBUG msg="metal: GPU completion tracking fired" blockID=259
time=2026-06-16T10:25:41.348+02:00 level=DEBUG msg="metal: frame completion fired" blockID=260
time=2026-06-16T10:25:41.348+02:00 level=DEBUG msg="metal: WaitIdle complete"
time=2026-06-16T10:25:41.348+02:00 level=DEBUG msg="metal: encoding started" label="(wgpu internal) pending writes"
time=2026-06-16T10:25:41.348+02:00 level=DEBUG msg="metal: encoding started" label=session_blit_encoder
time=2026-06-16T10:25:41.348+02:00 level=DEBUG msg="metal: encoding ended"
time=2026-06-16T10:25:41.348+02:00 level=DEBUG msg="metal: encoding ended"
time=2026-06-16T10:25:41.348+02:00 level=DEBUG msg="metal: Submit" buffers=2
time=2026-06-16T10:25:41.348+02:00 level=DEBUG msg="metal: submission completion handler registered" subIdx=131
time=2026-06-16T10:25:41.348+02:00 level=DEBUG msg="metal: frame completion handler registered"
time=2026-06-16T10:25:41.348+02:00 level=DEBUG msg="metal: Present"
time=2026-06-16T10:25:41.348+02:00 level=DEBUG msg="metal: presentDrawable committed"
time=2026-06-16T10:25:41.349+02:00 level=DEBUG msg="metal: GPU completion tracking fired" blockID=261
time=2026-06-16T10:25:41.349+02:00 level=DEBUG msg="metal: frame completion fired" blockID=262
time=2026-06-16T10:25:41.350+02:00 level=DEBUG msg="metal: WaitIdle starting"
time=2026-06-16T10:25:41.350+02:00 level=DEBUG msg="metal: WaitIdle complete"
time=2026-06-16T10:25:41.350+02:00 level=DEBUG msg="metal: encoding started" label="(wgpu internal) pending writes"
time=2026-06-16T10:25:41.350+02:00 level=DEBUG msg="metal: encoding started" label=session_surface_encoder
time=2026-06-16T10:25:41.350+02:00 level=DEBUG msg="metal: encoding ended"
time=2026-06-16T10:25:41.350+02:00 level=DEBUG msg="metal: encoding ended"
time=2026-06-16T10:25:41.350+02:00 level=DEBUG msg="metal: Submit" buffers=2
time=2026-06-16T10:25:41.350+02:00 level=DEBUG msg="metal: submission completion handler registered" subIdx=132
time=2026-06-16T10:25:41.350+02:00 level=DEBUG msg="metal: frame completion handler registered"
time=2026-06-16T10:25:41.350+02:00 level=DEBUG msg="metal: surface texture acquired" drawable=5006722288 texture=5086661536 width=1600 height=1800
time=2026-06-16T10:25:41.350+02:00 level=DEBUG msg="metal: WaitIdle starting"
time=2026-06-16T10:25:41.353+02:00 level=DEBUG msg="metal: GPU completion tracking fired" blockID=263
time=2026-06-16T10:25:41.353+02:00 level=DEBUG msg="metal: frame completion fired" blockID=264
time=2026-06-16T10:25:41.353+02:00 level=DEBUG msg="metal: WaitIdle complete"
time=2026-06-16T10:25:41.353+02:00 level=DEBUG msg="metal: encoding started" label="(wgpu internal) pending writes"
time=2026-06-16T10:25:41.353+02:00 level=DEBUG msg="metal: encoding started" label=session_blit_encoder
time=2026-06-16T10:25:41.353+02:00 level=DEBUG msg="metal: encoding ended"
time=2026-06-16T10:25:41.353+02:00 level=DEBUG msg="metal: encoding ended"
time=2026-06-16T10:25:41.353+02:00 level=DEBUG msg="metal: Submit" buffers=2
time=2026-06-16T10:25:41.353+02:00 level=DEBUG msg="metal: submission completion handler registered" subIdx=133
time=2026-06-16T10:25:41.353+02:00 level=DEBUG msg="metal: frame completion handler registered"
time=2026-06-16T10:25:41.353+02:00 level=DEBUG msg="metal: Present"
time=2026-06-16T10:25:41.353+02:00 level=DEBUG msg="metal: presentDrawable committed"
time=2026-06-16T10:25:41.354+02:00 level=DEBUG msg="metal: GPU completion tracking fired" blockID=265
time=2026-06-16T10:25:41.354+02:00 level=DEBUG msg="metal: frame completion fired" blockID=266
time=2026-06-16T10:25:43.014+02:00 level=DEBUG msg="metal: WaitIdle starting"
time=2026-06-16T10:25:43.014+02:00 level=DEBUG msg="metal: WaitIdle complete"
time=2026-06-16T10:25:43.015+02:00 level=DEBUG msg="metal: encoding started" label="(wgpu internal) pending writes"
time=2026-06-16T10:25:43.015+02:00 level=DEBUG msg="metal: encoding started" label=session_surface_encoder
time=2026-06-16T10:25:43.015+02:00 level=DEBUG msg="metal: encoding ended"
time=2026-06-16T10:25:43.015+02:00 level=DEBUG msg="metal: encoding ended"
time=2026-06-16T10:25:43.015+02:00 level=DEBUG msg="metal: Submit" buffers=2
time=2026-06-16T10:25:43.016+02:00 level=DEBUG msg="metal: submission completion handler registered" subIdx=134
time=2026-06-16T10:25:43.016+02:00 level=DEBUG msg="metal: frame completion handler registered"
time=2026-06-16T10:25:43.016+02:00 level=DEBUG msg="metal: surface texture acquired" drawable=5006635840 texture=5005349984 width=1600 height=1800
time=2026-06-16T10:25:43.016+02:00 level=DEBUG msg="metal: WaitIdle starting"
time=2026-06-16T10:25:43.023+02:00 level=DEBUG msg="metal: GPU completion tracking fired" blockID=267
time=2026-06-16T10:25:43.023+02:00 level=DEBUG msg="metal: frame completion fired" blockID=268
time=2026-06-16T10:25:43.023+02:00 level=DEBUG msg="metal: WaitIdle complete"
time=2026-06-16T10:25:43.023+02:00 level=DEBUG msg="metal: encoding started" label="(wgpu internal) pending writes"
time=2026-06-16T10:25:43.023+02:00 level=DEBUG msg="metal: encoding started" label=session_blit_encoder
time=2026-06-16T10:25:43.023+02:00 level=DEBUG msg="metal: encoding ended"
time=2026-06-16T10:25:43.023+02:00 level=DEBUG msg="metal: encoding ended"
time=2026-06-16T10:25:43.023+02:00 level=DEBUG msg="metal: Submit" buffers=2
time=2026-06-16T10:25:43.023+02:00 level=DEBUG msg="metal: submission completion handler registered" subIdx=135
time=2026-06-16T10:25:43.023+02:00 level=DEBUG msg="metal: frame completion handler registered"
time=2026-06-16T10:25:43.023+02:00 level=DEBUG msg="metal: Present"
time=2026-06-16T10:25:43.023+02:00 level=DEBUG msg="metal: presentDrawable committed"
time=2026-06-16T10:25:43.024+02:00 level=DEBUG msg="metal: WaitIdle starting"
time=2026-06-16T10:25:43.025+02:00 level=DEBUG msg="metal: GPU completion tracking fired" blockID=269
time=2026-06-16T10:25:43.025+02:00 level=DEBUG msg="metal: frame completion fired" blockID=270
time=2026-06-16T10:25:43.025+02:00 level=DEBUG msg="metal: WaitIdle complete"
time=2026-06-16T10:25:43.025+02:00 level=DEBUG msg="metal: encoding started" label="(wgpu internal) pending writes"
time=2026-06-16T10:25:43.025+02:00 level=DEBUG msg="metal: encoding started" label=session_surface_encoder
time=2026-06-16T10:25:43.026+02:00 level=DEBUG msg="metal: encoding ended"
time=2026-06-16T10:25:43.026+02:00 level=DEBUG msg="metal: encoding ended"
time=2026-06-16T10:25:43.026+02:00 level=DEBUG msg="metal: Submit" buffers=2
time=2026-06-16T10:25:43.026+02:00 level=DEBUG msg="metal: submission completion handler registered" subIdx=136
time=2026-06-16T10:25:43.026+02:00 level=DEBUG msg="metal: frame completion handler registered"
time=2026-06-16T10:25:43.026+02:00 level=DEBUG msg="metal: surface texture acquired" drawable=5085865280 texture=5745319152 width=1600 height=1800
time=2026-06-16T10:25:43.026+02:00 level=DEBUG msg="metal: WaitIdle starting"
time=2026-06-16T10:25:43.029+02:00 level=DEBUG msg="metal: GPU completion tracking fired" blockID=271
time=2026-06-16T10:25:43.029+02:00 level=DEBUG msg="metal: frame completion fired" blockID=272
time=2026-06-16T10:25:43.029+02:00 level=DEBUG msg="metal: WaitIdle complete"
time=2026-06-16T10:25:43.029+02:00 level=DEBUG msg="metal: encoding started" label="(wgpu internal) pending writes"
time=2026-06-16T10:25:43.029+02:00 level=DEBUG msg="metal: encoding started" label=session_blit_encoder
time=2026-06-16T10:25:43.029+02:00 level=DEBUG msg="metal: encoding ended"
time=2026-06-16T10:25:43.029+02:00 level=DEBUG msg="metal: encoding ended"
time=2026-06-16T10:25:43.029+02:00 level=DEBUG msg="metal: Submit" buffers=2
time=2026-06-16T10:25:43.029+02:00 level=DEBUG msg="metal: submission completion handler registered" subIdx=137
time=2026-06-16T10:25:43.029+02:00 level=DEBUG msg="metal: frame completion handler registered"
time=2026-06-16T10:25:43.029+02:00 level=DEBUG msg="metal: Present"
time=2026-06-16T10:25:43.029+02:00 level=DEBUG msg="metal: presentDrawable committed"
time=2026-06-16T10:25:43.030+02:00 level=DEBUG msg="metal: GPU completion tracking fired" blockID=273
time=2026-06-16T10:25:43.030+02:00 level=DEBUG msg="metal: frame completion fired" blockID=274
time=2026-06-16T10:25:43.046+02:00 level=DEBUG msg="metal: WaitIdle starting"
time=2026-06-16T10:25:43.046+02:00 level=DEBUG msg="metal: WaitIdle complete"
time=2026-06-16T10:25:43.046+02:00 level=DEBUG msg="metal: encoding started" label="(wgpu internal) pending writes"
time=2026-06-16T10:25:43.046+02:00 level=DEBUG msg="metal: encoding started" label=session_surface_encoder
time=2026-06-16T10:25:43.047+02:00 level=DEBUG msg="metal: encoding ended"
time=2026-06-16T10:25:43.047+02:00 level=DEBUG msg="metal: encoding ended"
time=2026-06-16T10:25:43.047+02:00 level=DEBUG msg="metal: Submit" buffers=2
time=2026-06-16T10:25:43.047+02:00 level=DEBUG msg="metal: submission completion handler registered" subIdx=138
time=2026-06-16T10:25:43.047+02:00 level=DEBUG msg="metal: frame completion handler registered"
time=2026-06-16T10:25:43.047+02:00 level=DEBUG msg="metal: surface texture acquired" drawable=5006705088 texture=5086661536 width=1600 height=1800
time=2026-06-16T10:25:43.047+02:00 level=DEBUG msg="metal: WaitIdle starting"
time=2026-06-16T10:25:43.049+02:00 level=DEBUG msg="metal: GPU completion tracking fired" blockID=275
time=2026-06-16T10:25:43.049+02:00 level=DEBUG msg="metal: frame completion fired" blockID=276
time=2026-06-16T10:25:43.049+02:00 level=DEBUG msg="metal: WaitIdle complete"
time=2026-06-16T10:25:43.049+02:00 level=DEBUG msg="metal: encoding started" label="(wgpu internal) pending writes"
time=2026-06-16T10:25:43.050+02:00 level=DEBUG msg="metal: encoding started" label=session_blit_encoder
time=2026-06-16T10:25:43.050+02:00 level=DEBUG msg="metal: encoding ended"
time=2026-06-16T10:25:43.050+02:00 level=DEBUG msg="metal: encoding ended"
time=2026-06-16T10:25:43.050+02:00 level=DEBUG msg="metal: Submit" buffers=2
time=2026-06-16T10:25:43.050+02:00 level=DEBUG msg="metal: submission completion handler registered" subIdx=139
time=2026-06-16T10:25:43.050+02:00 level=DEBUG msg="metal: frame completion handler registered"
time=2026-06-16T10:25:43.050+02:00 level=DEBUG msg="metal: Present"
time=2026-06-16T10:25:43.050+02:00 level=DEBUG msg="metal: presentDrawable committed"
time=2026-06-16T10:25:43.050+02:00 level=DEBUG msg="metal: GPU completion tracking fired" blockID=277
time=2026-06-16T10:25:43.050+02:00 level=DEBUG msg="metal: frame completion fired" blockID=278
time=2026-06-16T10:25:43.062+02:00 level=DEBUG msg="metal: WaitIdle starting"
time=2026-06-16T10:25:43.063+02:00 level=DEBUG msg="metal: WaitIdle complete"
time=2026-06-16T10:25:43.063+02:00 level=DEBUG msg="metal: encoding started" label="(wgpu internal) pending writes"
time=2026-06-16T10:25:43.063+02:00 level=DEBUG msg="metal: encoding started" label=session_surface_encoder
time=2026-06-16T10:25:43.063+02:00 level=DEBUG msg="metal: encoding ended"
time=2026-06-16T10:25:43.063+02:00 level=DEBUG msg="metal: encoding ended"
time=2026-06-16T10:25:43.063+02:00 level=DEBUG msg="metal: Submit" buffers=2
time=2026-06-16T10:25:43.063+02:00 level=DEBUG msg="metal: submission completion handler registered" subIdx=140
time=2026-06-16T10:25:43.063+02:00 level=DEBUG msg="metal: frame completion handler registered"
time=2026-06-16T10:25:43.063+02:00 level=DEBUG msg="metal: surface texture acquired" drawable=5005461888 texture=5005349984 width=1600 height=1800
time=2026-06-16T10:25:43.063+02:00 level=DEBUG msg="metal: WaitIdle starting"
time=2026-06-16T10:25:43.066+02:00 level=DEBUG msg="metal: GPU completion tracking fired" blockID=279
time=2026-06-16T10:25:43.066+02:00 level=DEBUG msg="metal: frame completion fired" blockID=280
time=2026-06-16T10:25:43.066+02:00 level=DEBUG msg="metal: WaitIdle complete"
time=2026-06-16T10:25:43.066+02:00 level=DEBUG msg="metal: encoding started" label="(wgpu internal) pending writes"
time=2026-06-16T10:25:43.066+02:00 level=DEBUG msg="metal: encoding started" label=session_blit_encoder
time=2026-06-16T10:25:43.066+02:00 level=DEBUG msg="metal: encoding ended"
time=2026-06-16T10:25:43.066+02:00 level=DEBUG msg="metal: encoding ended"
time=2026-06-16T10:25:43.066+02:00 level=DEBUG msg="metal: Submit" buffers=2
time=2026-06-16T10:25:43.066+02:00 level=DEBUG msg="metal: submission completion handler registered" subIdx=141
time=2026-06-16T10:25:43.066+02:00 level=DEBUG msg="metal: frame completion handler registered"
time=2026-06-16T10:25:43.066+02:00 level=DEBUG msg="metal: Present"
time=2026-06-16T10:25:43.066+02:00 level=DEBUG msg="metal: presentDrawable committed"
time=2026-06-16T10:25:43.067+02:00 level=DEBUG msg="metal: GPU completion tracking fired" blockID=281
time=2026-06-16T10:25:43.067+02:00 level=DEBUG msg="metal: frame completion fired" blockID=282
time=2026-06-16T10:25:43.118+02:00 level=DEBUG msg="metal: WaitIdle starting"
time=2026-06-16T10:25:43.118+02:00 level=DEBUG msg="metal: WaitIdle complete"
time=2026-06-16T10:25:43.118+02:00 level=DEBUG msg="metal: encoding started" label="(wgpu internal) pending writes"
time=2026-06-16T10:25:43.119+02:00 level=DEBUG msg="metal: encoding started" label=session_surface_encoder
time=2026-06-16T10:25:43.119+02:00 level=DEBUG msg="metal: encoding ended"
time=2026-06-16T10:25:43.119+02:00 level=DEBUG msg="metal: encoding ended"
time=2026-06-16T10:25:43.119+02:00 level=DEBUG msg="metal: Submit" buffers=2
time=2026-06-16T10:25:43.119+02:00 level=DEBUG msg="metal: submission completion handler registered" subIdx=142
time=2026-06-16T10:25:43.119+02:00 level=DEBUG msg="metal: frame completion handler registered"
time=2026-06-16T10:25:43.119+02:00 level=DEBUG msg="metal: surface texture acquired" drawable=5745427456 texture=5745319152 width=1600 height=1800
time=2026-06-16T10:25:43.119+02:00 level=DEBUG msg="metal: WaitIdle starting"
time=2026-06-16T10:25:43.122+02:00 level=DEBUG msg="metal: GPU completion tracking fired" blockID=283
time=2026-06-16T10:25:43.122+02:00 level=DEBUG msg="metal: frame completion fired" blockID=284
time=2026-06-16T10:25:43.122+02:00 level=DEBUG msg="metal: WaitIdle complete"
time=2026-06-16T10:25:43.122+02:00 level=DEBUG msg="metal: encoding started" label="(wgpu internal) pending writes"
time=2026-06-16T10:25:43.122+02:00 level=DEBUG msg="metal: encoding started" label=session_blit_encoder
time=2026-06-16T10:25:43.122+02:00 level=DEBUG msg="metal: encoding ended"
time=2026-06-16T10:25:43.122+02:00 level=DEBUG msg="metal: encoding ended"
time=2026-06-16T10:25:43.122+02:00 level=DEBUG msg="metal: Submit" buffers=2
time=2026-06-16T10:25:43.122+02:00 level=DEBUG msg="metal: submission completion handler registered" subIdx=143
time=2026-06-16T10:25:43.122+02:00 level=DEBUG msg="metal: frame completion handler registered"
time=2026-06-16T10:25:43.122+02:00 level=DEBUG msg="metal: Present"
time=2026-06-16T10:25:43.122+02:00 level=DEBUG msg="metal: presentDrawable committed"
time=2026-06-16T10:25:43.123+02:00 level=DEBUG msg="metal: GPU completion tracking fired" blockID=285
time=2026-06-16T10:25:43.123+02:00 level=DEBUG msg="metal: frame completion fired" blockID=286
time=2026-06-16T10:25:43.331+02:00 level=DEBUG msg="metal: WaitIdle starting"
time=2026-06-16T10:25:43.331+02:00 level=DEBUG msg="metal: WaitIdle complete"
time=2026-06-16T10:25:43.331+02:00 level=DEBUG msg="metal: encoding started" label="(wgpu internal) pending writes"
time=2026-06-16T10:25:43.331+02:00 level=DEBUG msg="metal: encoding started" label=session_surface_encoder
time=2026-06-16T10:25:43.331+02:00 level=DEBUG msg="metal: encoding ended"
time=2026-06-16T10:25:43.331+02:00 level=DEBUG msg="metal: encoding ended"
time=2026-06-16T10:25:43.331+02:00 level=DEBUG msg="metal: Submit" buffers=2
time=2026-06-16T10:25:43.331+02:00 level=DEBUG msg="metal: submission completion handler registered" subIdx=144
time=2026-06-16T10:25:43.331+02:00 level=DEBUG msg="metal: frame completion handler registered"
time=2026-06-16T10:25:43.332+02:00 level=DEBUG msg="metal: surface texture acquired" drawable=5085826304 texture=5005349984 width=1600 height=1800
time=2026-06-16T10:25:43.332+02:00 level=DEBUG msg="metal: WaitIdle starting"
time=2026-06-16T10:25:43.335+02:00 level=DEBUG msg="metal: GPU completion tracking fired" blockID=287
time=2026-06-16T10:25:43.335+02:00 level=DEBUG msg="metal: frame completion fired" blockID=288
time=2026-06-16T10:25:43.335+02:00 level=DEBUG msg="metal: WaitIdle complete"
time=2026-06-16T10:25:43.335+02:00 level=DEBUG msg="metal: encoding started" label="(wgpu internal) pending writes"
time=2026-06-16T10:25:43.335+02:00 level=DEBUG msg="metal: encoding started" label=session_blit_encoder
time=2026-06-16T10:25:43.335+02:00 level=DEBUG msg="metal: encoding ended"
time=2026-06-16T10:25:43.335+02:00 level=DEBUG msg="metal: encoding ended"
time=2026-06-16T10:25:43.335+02:00 level=DEBUG msg="metal: Submit" buffers=2
time=2026-06-16T10:25:43.335+02:00 level=DEBUG msg="metal: submission completion handler registered" subIdx=145
time=2026-06-16T10:25:43.335+02:00 level=DEBUG msg="metal: frame completion handler registered"
time=2026-06-16T10:25:43.335+02:00 level=DEBUG msg="metal: Present"
time=2026-06-16T10:25:43.335+02:00 level=DEBUG msg="metal: presentDrawable committed"
time=2026-06-16T10:25:43.336+02:00 level=DEBUG msg="metal: GPU completion tracking fired" blockID=289
time=2026-06-16T10:25:43.336+02:00 level=DEBUG msg="metal: frame completion fired" blockID=290
time=2026-06-16T10:25:43.398+02:00 level=DEBUG msg="metal: WaitIdle starting"
time=2026-06-16T10:25:43.398+02:00 level=DEBUG msg="metal: WaitIdle complete"
time=2026-06-16T10:25:43.398+02:00 level=DEBUG msg="metal: encoding started" label="(wgpu internal) pending writes"
time=2026-06-16T10:25:43.399+02:00 level=DEBUG msg="metal: encoding started" label=session_surface_encoder
time=2026-06-16T10:25:43.399+02:00 level=DEBUG msg="metal: encoding ended"
time=2026-06-16T10:25:43.399+02:00 level=DEBUG msg="metal: encoding ended"
time=2026-06-16T10:25:43.399+02:00 level=DEBUG msg="metal: Submit" buffers=2
time=2026-06-16T10:25:43.399+02:00 level=DEBUG msg="metal: submission completion handler registered" subIdx=146
time=2026-06-16T10:25:43.399+02:00 level=DEBUG msg="metal: frame completion handler registered"
time=2026-06-16T10:25:43.399+02:00 level=DEBUG msg="metal: surface texture acquired" drawable=5085869328 texture=5745319152 width=1600 height=1800
time=2026-06-16T10:25:43.399+02:00 level=DEBUG msg="metal: WaitIdle starting"
time=2026-06-16T10:25:43.402+02:00 level=DEBUG msg="metal: GPU completion tracking fired" blockID=291
time=2026-06-16T10:25:43.402+02:00 level=DEBUG msg="metal: frame completion fired" blockID=292
time=2026-06-16T10:25:43.402+02:00 level=DEBUG msg="metal: WaitIdle complete"
time=2026-06-16T10:25:43.402+02:00 level=DEBUG msg="metal: encoding started" label="(wgpu internal) pending writes"
time=2026-06-16T10:25:43.402+02:00 level=DEBUG msg="metal: encoding started" label=session_blit_encoder
time=2026-06-16T10:25:43.402+02:00 level=DEBUG msg="metal: encoding ended"
time=2026-06-16T10:25:43.402+02:00 level=DEBUG msg="metal: encoding ended"
time=2026-06-16T10:25:43.402+02:00 level=DEBUG msg="metal: Submit" buffers=2
time=2026-06-16T10:25:43.402+02:00 level=DEBUG msg="metal: submission completion handler registered" subIdx=147
time=2026-06-16T10:25:43.402+02:00 level=DEBUG msg="metal: frame completion handler registered"
time=2026-06-16T10:25:43.402+02:00 level=DEBUG msg="metal: Present"
time=2026-06-16T10:25:43.402+02:00 level=DEBUG msg="metal: presentDrawable committed"
time=2026-06-16T10:25:43.403+02:00 level=DEBUG msg="metal: GPU completion tracking fired" blockID=293
time=2026-06-16T10:25:43.403+02:00 level=DEBUG msg="metal: frame completion fired" blockID=294
time=2026-06-16T10:25:43.503+02:00 level=DEBUG msg="metal: WaitIdle starting"
time=2026-06-16T10:25:43.503+02:00 level=DEBUG msg="metal: WaitIdle complete"
time=2026-06-16T10:25:43.503+02:00 level=DEBUG msg="metal: encoding started" label="(wgpu internal) pending writes"
time=2026-06-16T10:25:43.504+02:00 level=DEBUG msg="metal: encoding started" label=session_surface_encoder
time=2026-06-16T10:25:43.504+02:00 level=DEBUG msg="metal: encoding ended"
time=2026-06-16T10:25:43.504+02:00 level=DEBUG msg="metal: encoding ended"
time=2026-06-16T10:25:43.504+02:00 level=DEBUG msg="metal: Submit" buffers=2
time=2026-06-16T10:25:43.504+02:00 level=DEBUG msg="metal: submission completion handler registered" subIdx=148
time=2026-06-16T10:25:43.504+02:00 level=DEBUG msg="metal: frame completion handler registered"
time=2026-06-16T10:25:43.504+02:00 level=DEBUG msg="metal: surface texture acquired" drawable=5005477584 texture=5005349984 width=1600 height=1800
time=2026-06-16T10:25:43.504+02:00 level=DEBUG msg="metal: WaitIdle starting"
time=2026-06-16T10:25:43.507+02:00 level=DEBUG msg="metal: GPU completion tracking fired" blockID=295
time=2026-06-16T10:25:43.507+02:00 level=DEBUG msg="metal: frame completion fired" blockID=296
time=2026-06-16T10:25:43.507+02:00 level=DEBUG msg="metal: WaitIdle complete"
time=2026-06-16T10:25:43.507+02:00 level=DEBUG msg="metal: encoding started" label="(wgpu internal) pending writes"
time=2026-06-16T10:25:43.507+02:00 level=DEBUG msg="metal: encoding started" label=session_blit_encoder
time=2026-06-16T10:25:43.507+02:00 level=DEBUG msg="metal: encoding ended"
time=2026-06-16T10:25:43.507+02:00 level=DEBUG msg="metal: encoding ended"
time=2026-06-16T10:25:43.507+02:00 level=DEBUG msg="metal: Submit" buffers=2
time=2026-06-16T10:25:43.507+02:00 level=DEBUG msg="metal: submission completion handler registered" subIdx=149
time=2026-06-16T10:25:43.507+02:00 level=DEBUG msg="metal: frame completion handler registered"
time=2026-06-16T10:25:43.507+02:00 level=DEBUG msg="metal: Present"
time=2026-06-16T10:25:43.508+02:00 level=DEBUG msg="metal: presentDrawable committed"
time=2026-06-16T10:25:43.508+02:00 level=DEBUG msg="metal: GPU completion tracking fired" blockID=297
time=2026-06-16T10:25:43.508+02:00 level=DEBUG msg="metal: frame completion fired" blockID=298
time=2026-06-16T10:25:43.510+02:00 level=DEBUG msg="metal: WaitIdle starting"
time=2026-06-16T10:25:43.510+02:00 level=DEBUG msg="metal: WaitIdle complete"
time=2026-06-16T10:25:43.510+02:00 level=DEBUG msg="metal: encoding started" label="(wgpu internal) pending writes"
time=2026-06-16T10:25:43.510+02:00 level=DEBUG msg="metal: encoding started" label=session_surface_encoder
time=2026-06-16T10:25:43.511+02:00 level=DEBUG msg="metal: encoding ended"
time=2026-06-16T10:25:43.511+02:00 level=DEBUG msg="metal: encoding ended"
time=2026-06-16T10:25:43.511+02:00 level=DEBUG msg="metal: Submit" buffers=2
time=2026-06-16T10:25:43.511+02:00 level=DEBUG msg="metal: submission completion handler registered" subIdx=150
time=2026-06-16T10:25:43.511+02:00 level=DEBUG msg="metal: frame completion handler registered"
time=2026-06-16T10:25:43.511+02:00 level=DEBUG msg="metal: surface texture acquired" drawable=5745445424 texture=5086661536 width=1600 height=1800
time=2026-06-16T10:25:43.511+02:00 level=DEBUG msg="metal: WaitIdle starting"
time=2026-06-16T10:25:43.514+02:00 level=DEBUG msg="metal: GPU completion tracking fired" blockID=299
time=2026-06-16T10:25:43.514+02:00 level=DEBUG msg="metal: frame completion fired" blockID=300
time=2026-06-16T10:25:43.514+02:00 level=DEBUG msg="metal: WaitIdle complete"
time=2026-06-16T10:25:43.514+02:00 level=DEBUG msg="metal: encoding started" label="(wgpu internal) pending writes"
time=2026-06-16T10:25:43.514+02:00 level=DEBUG msg="metal: encoding started" label=session_blit_encoder
time=2026-06-16T10:25:43.514+02:00 level=DEBUG msg="metal: encoding ended"
time=2026-06-16T10:25:43.514+02:00 level=DEBUG msg="metal: encoding ended"
time=2026-06-16T10:25:43.514+02:00 level=DEBUG msg="metal: Submit" buffers=2
time=2026-06-16T10:25:43.514+02:00 level=DEBUG msg="metal: submission completion handler registered" subIdx=151
time=2026-06-16T10:25:43.514+02:00 level=DEBUG msg="metal: frame completion handler registered"
time=2026-06-16T10:25:43.514+02:00 level=DEBUG msg="metal: Present"
time=2026-06-16T10:25:43.514+02:00 level=DEBUG msg="metal: presentDrawable committed"
time=2026-06-16T10:25:43.515+02:00 level=DEBUG msg="metal: GPU completion tracking fired" blockID=301
time=2026-06-16T10:25:43.515+02:00 level=DEBUG msg="metal: frame completion fired" blockID=302
time=2026-06-16T10:25:43.525+02:00 level=DEBUG msg="metal: WaitIdle starting"
time=2026-06-16T10:25:43.525+02:00 level=DEBUG msg="metal: WaitIdle complete"
time=2026-06-16T10:25:43.525+02:00 level=DEBUG msg="metal: encoding started" label="(wgpu internal) pending writes"
time=2026-06-16T10:25:43.526+02:00 level=DEBUG msg="metal: encoding started" label=session_surface_encoder
time=2026-06-16T10:25:43.526+02:00 level=DEBUG msg="metal: encoding ended"
time=2026-06-16T10:25:43.526+02:00 level=DEBUG msg="metal: encoding ended"
time=2026-06-16T10:25:43.526+02:00 level=DEBUG msg="metal: Submit" buffers=2
time=2026-06-16T10:25:43.526+02:00 level=DEBUG msg="metal: submission completion handler registered" subIdx=152
time=2026-06-16T10:25:43.526+02:00 level=DEBUG msg="metal: frame completion handler registered"
time=2026-06-16T10:25:43.526+02:00 level=DEBUG msg="metal: surface texture acquired" drawable=5745445648 texture=5745319152 width=1600 height=1800
time=2026-06-16T10:25:43.526+02:00 level=DEBUG msg="metal: WaitIdle starting"
time=2026-06-16T10:25:43.529+02:00 level=DEBUG msg="metal: GPU completion tracking fired" blockID=303
time=2026-06-16T10:25:43.529+02:00 level=DEBUG msg="metal: frame completion fired" blockID=304
time=2026-06-16T10:25:43.529+02:00 level=DEBUG msg="metal: WaitIdle complete"
time=2026-06-16T10:25:43.529+02:00 level=DEBUG msg="metal: encoding started" label="(wgpu internal) pending writes"
time=2026-06-16T10:25:43.529+02:00 level=DEBUG msg="metal: encoding started" label=session_blit_encoder
time=2026-06-16T10:25:43.529+02:00 level=DEBUG msg="metal: encoding ended"
time=2026-06-16T10:25:43.529+02:00 level=DEBUG msg="metal: encoding ended"
time=2026-06-16T10:25:43.529+02:00 level=DEBUG msg="metal: Submit" buffers=2
time=2026-06-16T10:25:43.529+02:00 level=DEBUG msg="metal: submission completion handler registered" subIdx=153
time=2026-06-16T10:25:43.529+02:00 level=DEBUG msg="metal: frame completion handler registered"
time=2026-06-16T10:25:43.529+02:00 level=DEBUG msg="metal: Present"
time=2026-06-16T10:25:43.529+02:00 level=DEBUG msg="metal: presentDrawable committed"
time=2026-06-16T10:25:43.529+02:00 level=DEBUG msg="metal: GPU completion tracking fired" blockID=305
time=2026-06-16T10:25:43.529+02:00 level=DEBUG msg="metal: frame completion fired" blockID=306
time=2026-06-16T10:25:43.561+02:00 level=DEBUG msg="metal: WaitIdle starting"
time=2026-06-16T10:25:43.561+02:00 level=DEBUG msg="metal: WaitIdle complete"
time=2026-06-16T10:25:43.561+02:00 level=DEBUG msg="metal: encoding started" label="(wgpu internal) pending writes"
time=2026-06-16T10:25:43.561+02:00 level=DEBUG msg="metal: encoding started" label=session_surface_encoder
time=2026-06-16T10:25:43.562+02:00 level=DEBUG msg="metal: encoding ended"
time=2026-06-16T10:25:43.562+02:00 level=DEBUG msg="metal: encoding ended"
time=2026-06-16T10:25:43.562+02:00 level=DEBUG msg="metal: Submit" buffers=2
time=2026-06-16T10:25:43.562+02:00 level=DEBUG msg="metal: submission completion handler registered" subIdx=154
time=2026-06-16T10:25:43.562+02:00 level=DEBUG msg="metal: frame completion handler registered"
time=2026-06-16T10:25:43.562+02:00 level=DEBUG msg="metal: surface texture acquired" drawable=5006702880 texture=5005349984 width=1600 height=1800
time=2026-06-16T10:25:43.562+02:00 level=DEBUG msg="metal: WaitIdle starting"
time=2026-06-16T10:25:43.564+02:00 level=DEBUG msg="metal: GPU completion tracking fired" blockID=307
time=2026-06-16T10:25:43.564+02:00 level=DEBUG msg="metal: frame completion fired" blockID=308
time=2026-06-16T10:25:43.564+02:00 level=DEBUG msg="metal: WaitIdle complete"
time=2026-06-16T10:25:43.564+02:00 level=DEBUG msg="metal: encoding started" label="(wgpu internal) pending writes"
time=2026-06-16T10:25:43.565+02:00 level=DEBUG msg="metal: encoding started" label=session_blit_encoder
time=2026-06-16T10:25:43.565+02:00 level=DEBUG msg="metal: encoding ended"
time=2026-06-16T10:25:43.565+02:00 level=DEBUG msg="metal: encoding ended"
time=2026-06-16T10:25:43.565+02:00 level=DEBUG msg="metal: Submit" buffers=2
time=2026-06-16T10:25:43.565+02:00 level=DEBUG msg="metal: submission completion handler registered" subIdx=155
time=2026-06-16T10:25:43.565+02:00 level=DEBUG msg="metal: frame completion handler registered"
time=2026-06-16T10:25:43.565+02:00 level=DEBUG msg="metal: Present"
time=2026-06-16T10:25:43.565+02:00 level=DEBUG msg="metal: presentDrawable committed"
time=2026-06-16T10:25:43.565+02:00 level=DEBUG msg="metal: GPU completion tracking fired" blockID=309
time=2026-06-16T10:25:43.565+02:00 level=DEBUG msg="metal: frame completion fired" blockID=310
time=2026-06-16T10:25:44.581+02:00 level=DEBUG msg="metal: WaitIdle starting"
time=2026-06-16T10:25:44.581+02:00 level=DEBUG msg="metal: WaitIdle complete"
time=2026-06-16T10:25:44.582+02:00 level=DEBUG msg="metal: encoding started" label="(wgpu internal) pending writes"
time=2026-06-16T10:25:44.582+02:00 level=DEBUG msg="metal: encoding started" label=session_surface_encoder
time=2026-06-16T10:25:44.582+02:00 level=DEBUG msg="metal: encoding ended"
time=2026-06-16T10:25:44.582+02:00 level=DEBUG msg="metal: encoding ended"
time=2026-06-16T10:25:44.583+02:00 level=DEBUG msg="metal: Submit" buffers=2
time=2026-06-16T10:25:44.583+02:00 level=DEBUG msg="metal: submission completion handler registered" subIdx=156
time=2026-06-16T10:25:44.583+02:00 level=DEBUG msg="metal: frame completion handler registered"
time=2026-06-16T10:25:44.583+02:00 level=DEBUG msg="metal: surface texture acquired" drawable=5006721536 texture=5745319152 width=1600 height=1800
time=2026-06-16T10:25:44.583+02:00 level=DEBUG msg="metal: WaitIdle starting"
time=2026-06-16T10:25:44.586+02:00 level=DEBUG msg="metal: GPU completion tracking fired" blockID=311
time=2026-06-16T10:25:44.586+02:00 level=DEBUG msg="metal: frame completion fired" blockID=312
time=2026-06-16T10:25:44.586+02:00 level=DEBUG msg="metal: WaitIdle complete"
time=2026-06-16T10:25:44.586+02:00 level=DEBUG msg="metal: encoding started" label="(wgpu internal) pending writes"
time=2026-06-16T10:25:44.586+02:00 level=DEBUG msg="metal: encoding started" label=session_blit_encoder
time=2026-06-16T10:25:44.586+02:00 level=DEBUG msg="metal: encoding ended"
time=2026-06-16T10:25:44.586+02:00 level=DEBUG msg="metal: encoding ended"
time=2026-06-16T10:25:44.586+02:00 level=DEBUG msg="metal: Submit" buffers=2
time=2026-06-16T10:25:44.586+02:00 level=DEBUG msg="metal: submission completion handler registered" subIdx=157
time=2026-06-16T10:25:44.586+02:00 level=DEBUG msg="metal: frame completion handler registered"
time=2026-06-16T10:25:44.586+02:00 level=DEBUG msg="metal: Present"
time=2026-06-16T10:25:44.586+02:00 level=DEBUG msg="metal: presentDrawable committed"
time=2026-06-16T10:25:44.587+02:00 level=DEBUG msg="metal: GPU completion tracking fired" blockID=313
time=2026-06-16T10:25:44.587+02:00 level=DEBUG msg="metal: frame completion fired" blockID=314
time=2026-06-16T10:25:44.604+02:00 level=DEBUG msg="metal: WaitIdle starting"
time=2026-06-16T10:25:44.604+02:00 level=DEBUG msg="metal: WaitIdle complete"
time=2026-06-16T10:25:44.604+02:00 level=DEBUG msg="metal: encoding started" label="(wgpu internal) pending writes"
time=2026-06-16T10:25:44.605+02:00 level=DEBUG msg="metal: encoding started" label=session_surface_encoder
time=2026-06-16T10:25:44.605+02:00 level=DEBUG msg="metal: encoding ended"
time=2026-06-16T10:25:44.605+02:00 level=DEBUG msg="metal: encoding ended"
time=2026-06-16T10:25:44.605+02:00 level=DEBUG msg="metal: Submit" buffers=2
time=2026-06-16T10:25:44.605+02:00 level=DEBUG msg="metal: submission completion handler registered" subIdx=158
time=2026-06-16T10:25:44.605+02:00 level=DEBUG msg="metal: frame completion handler registered"
time=2026-06-16T10:25:44.605+02:00 level=DEBUG msg="metal: surface texture acquired" drawable=5006721536 texture=5005349984 width=1600 height=1800
time=2026-06-16T10:25:44.605+02:00 level=DEBUG msg="metal: WaitIdle starting"
time=2026-06-16T10:25:44.609+02:00 level=DEBUG msg="metal: GPU completion tracking fired" blockID=315
time=2026-06-16T10:25:44.609+02:00 level=DEBUG msg="metal: frame completion fired" blockID=316
time=2026-06-16T10:25:44.609+02:00 level=DEBUG msg="metal: WaitIdle complete"
time=2026-06-16T10:25:44.609+02:00 level=DEBUG msg="metal: encoding started" label="(wgpu internal) pending writes"
time=2026-06-16T10:25:44.609+02:00 level=DEBUG msg="metal: encoding started" label=session_blit_encoder
time=2026-06-16T10:25:44.609+02:00 level=DEBUG msg="metal: encoding ended"
time=2026-06-16T10:25:44.609+02:00 level=DEBUG msg="metal: encoding ended"
time=2026-06-16T10:25:44.609+02:00 level=DEBUG msg="metal: Submit" buffers=2
time=2026-06-16T10:25:44.609+02:00 level=DEBUG msg="metal: submission completion handler registered" subIdx=159
time=2026-06-16T10:25:44.609+02:00 level=DEBUG msg="metal: frame completion handler registered"
time=2026-06-16T10:25:44.609+02:00 level=DEBUG msg="metal: Present"
time=2026-06-16T10:25:44.609+02:00 level=DEBUG msg="metal: presentDrawable committed"
time=2026-06-16T10:25:44.610+02:00 level=DEBUG msg="metal: GPU completion tracking fired" blockID=317
time=2026-06-16T10:25:44.610+02:00 level=DEBUG msg="metal: frame completion fired" blockID=318
time=2026-06-16T10:25:45.206+02:00 level=DEBUG msg="metal: WaitIdle starting"
time=2026-06-16T10:25:45.211+02:00 level=DEBUG msg="metal: WaitIdle complete"
time=2026-06-16T10:25:45.211+02:00 level=DEBUG msg="metal: encoding started" label="(wgpu internal) pending writes"
time=2026-06-16T10:25:45.212+02:00 level=DEBUG msg="metal: encoding started" label=session_surface_encoder
time=2026-06-16T10:25:45.215+02:00 level=DEBUG msg="metal: encoding ended"
time=2026-06-16T10:25:45.215+02:00 level=DEBUG msg="metal: encoding ended"
time=2026-06-16T10:25:45.215+02:00 level=DEBUG msg="metal: Submit" buffers=2
time=2026-06-16T10:25:45.215+02:00 level=DEBUG msg="metal: submission completion handler registered" subIdx=160
time=2026-06-16T10:25:45.215+02:00 level=DEBUG msg="metal: frame completion handler registered"
time=2026-06-16T10:25:45.215+02:00 level=DEBUG msg="metal: surface texture acquired" drawable=5006753424 texture=5745319152 width=1600 height=1800
time=2026-06-16T10:25:45.215+02:00 level=DEBUG msg="metal: WaitIdle starting"
time=2026-06-16T10:25:45.218+02:00 level=DEBUG msg="metal: GPU completion tracking fired" blockID=319
time=2026-06-16T10:25:45.221+02:00 level=DEBUG msg="metal: frame completion fired" blockID=320
time=2026-06-16T10:25:45.221+02:00 level=DEBUG msg="metal: WaitIdle complete"
time=2026-06-16T10:25:45.221+02:00 level=DEBUG msg="metal: encoding started" label="(wgpu internal) pending writes"
time=2026-06-16T10:25:45.221+02:00 level=DEBUG msg="metal: encoding started" label=session_blit_encoder
time=2026-06-16T10:25:45.221+02:00 level=DEBUG msg="metal: encoding ended"
time=2026-06-16T10:25:45.222+02:00 level=DEBUG msg="metal: encoding ended"
time=2026-06-16T10:25:45.222+02:00 level=DEBUG msg="metal: Submit" buffers=2
time=2026-06-16T10:25:45.222+02:00 level=DEBUG msg="metal: submission completion handler registered" subIdx=161
time=2026-06-16T10:25:45.222+02:00 level=DEBUG msg="metal: frame completion handler registered"
time=2026-06-16T10:25:45.222+02:00 level=DEBUG msg="metal: Present"
time=2026-06-16T10:25:45.222+02:00 level=DEBUG msg="metal: presentDrawable committed"
time=2026-06-16T10:25:45.223+02:00 level=DEBUG msg="metal: GPU completion tracking fired" blockID=321
time=2026-06-16T10:25:45.226+02:00 level=DEBUG msg="metal: frame completion fired" blockID=322
time=2026-06-16T10:25:45.302+02:00 level=DEBUG msg="metal: WaitIdle starting"
time=2026-06-16T10:25:45.302+02:00 level=DEBUG msg="metal: WaitIdle complete"
time=2026-06-16T10:25:45.302+02:00 level=DEBUG msg="metal: encoding started" label="(wgpu internal) pending writes"
time=2026-06-16T10:25:45.303+02:00 level=DEBUG msg="metal: encoding started" label=session_surface_encoder
time=2026-06-16T10:25:45.303+02:00 level=DEBUG msg="metal: encoding ended"
time=2026-06-16T10:25:45.303+02:00 level=DEBUG msg="metal: encoding ended"
time=2026-06-16T10:25:45.303+02:00 level=DEBUG msg="metal: Submit" buffers=2
time=2026-06-16T10:25:45.303+02:00 level=DEBUG msg="metal: submission completion handler registered" subIdx=162
time=2026-06-16T10:25:45.303+02:00 level=DEBUG msg="metal: frame completion handler registered"
time=2026-06-16T10:25:45.303+02:00 level=DEBUG msg="metal: surface texture acquired" drawable=5745454080 texture=5005349984 width=1600 height=1800
time=2026-06-16T10:25:45.303+02:00 level=DEBUG msg="metal: WaitIdle starting"
time=2026-06-16T10:25:45.307+02:00 level=DEBUG msg="metal: GPU completion tracking fired" blockID=323
time=2026-06-16T10:25:45.307+02:00 level=DEBUG msg="metal: frame completion fired" blockID=324
time=2026-06-16T10:25:45.307+02:00 level=DEBUG msg="metal: WaitIdle complete"
time=2026-06-16T10:25:45.307+02:00 level=DEBUG msg="metal: encoding started" label="(wgpu internal) pending writes"
time=2026-06-16T10:25:45.307+02:00 level=DEBUG msg="metal: encoding started" label=session_blit_encoder
time=2026-06-16T10:25:45.307+02:00 level=DEBUG msg="metal: encoding ended"
time=2026-06-16T10:25:45.307+02:00 level=DEBUG msg="metal: encoding ended"
time=2026-06-16T10:25:45.307+02:00 level=DEBUG msg="metal: Submit" buffers=2
time=2026-06-16T10:25:45.307+02:00 level=DEBUG msg="metal: submission completion handler registered" subIdx=163
time=2026-06-16T10:25:45.307+02:00 level=DEBUG msg="metal: frame completion handler registered"
time=2026-06-16T10:25:45.307+02:00 level=DEBUG msg="metal: Present"
time=2026-06-16T10:25:45.307+02:00 level=DEBUG msg="metal: presentDrawable committed"
time=2026-06-16T10:25:45.308+02:00 level=DEBUG msg="metal: GPU completion tracking fired" blockID=325
time=2026-06-16T10:25:45.308+02:00 level=DEBUG msg="metal: frame completion fired" blockID=326
time=2026-06-16T10:25:45.440+02:00 level=DEBUG msg="metal: WaitIdle starting"
time=2026-06-16T10:25:45.440+02:00 level=DEBUG msg="metal: WaitIdle complete"
time=2026-06-16T10:25:45.440+02:00 level=DEBUG msg="metal: encoding started" label="(wgpu internal) pending writes"
time=2026-06-16T10:25:45.441+02:00 level=DEBUG msg="metal: encoding started" label=session_surface_encoder
time=2026-06-16T10:25:45.443+02:00 level=DEBUG msg="metal: encoding ended"
time=2026-06-16T10:25:45.443+02:00 level=DEBUG msg="metal: encoding ended"
time=2026-06-16T10:25:45.443+02:00 level=DEBUG msg="metal: Submit" buffers=2
time=2026-06-16T10:25:45.443+02:00 level=DEBUG msg="metal: submission completion handler registered" subIdx=164
time=2026-06-16T10:25:45.443+02:00 level=DEBUG msg="metal: frame completion handler registered"
time=2026-06-16T10:25:45.443+02:00 level=DEBUG msg="metal: surface texture acquired" drawable=5086663312 texture=5745319152 width=1600 height=1800
time=2026-06-16T10:25:45.443+02:00 level=DEBUG msg="metal: WaitIdle starting"
time=2026-06-16T10:25:45.447+02:00 level=DEBUG msg="metal: GPU completion tracking fired" blockID=327
time=2026-06-16T10:25:45.447+02:00 level=DEBUG msg="metal: frame completion fired" blockID=328
time=2026-06-16T10:25:45.447+02:00 level=DEBUG msg="metal: WaitIdle complete"
time=2026-06-16T10:25:45.448+02:00 level=DEBUG msg="metal: encoding started" label="(wgpu internal) pending writes"
time=2026-06-16T10:25:45.448+02:00 level=DEBUG msg="metal: encoding started" label=session_blit_encoder
time=2026-06-16T10:25:45.448+02:00 level=DEBUG msg="metal: encoding ended"
time=2026-06-16T10:25:45.448+02:00 level=DEBUG msg="metal: encoding ended"
time=2026-06-16T10:25:45.448+02:00 level=DEBUG msg="metal: Submit" buffers=2
time=2026-06-16T10:25:45.448+02:00 level=DEBUG msg="metal: submission completion handler registered" subIdx=165
time=2026-06-16T10:25:45.448+02:00 level=DEBUG msg="metal: frame completion handler registered"
time=2026-06-16T10:25:45.448+02:00 level=DEBUG msg="metal: Present"
time=2026-06-16T10:25:45.448+02:00 level=DEBUG msg="metal: presentDrawable committed"
time=2026-06-16T10:25:45.449+02:00 level=DEBUG msg="metal: GPU completion tracking fired" blockID=329
time=2026-06-16T10:25:45.449+02:00 level=DEBUG msg="metal: frame completion fired" blockID=330
time=2026-06-16T10:25:45.745+02:00 level=DEBUG msg="metal: WaitIdle starting"
time=2026-06-16T10:25:45.745+02:00 level=DEBUG msg="metal: WaitIdle complete"
time=2026-06-16T10:25:45.746+02:00 level=DEBUG msg="metal: encoding started" label="(wgpu internal) pending writes"
time=2026-06-16T10:25:45.746+02:00 level=DEBUG msg="metal: encoding started" label=session_surface_encoder
time=2026-06-16T10:25:45.746+02:00 level=DEBUG msg="metal: encoding ended"
time=2026-06-16T10:25:45.746+02:00 level=DEBUG msg="metal: encoding ended"
time=2026-06-16T10:25:45.746+02:00 level=DEBUG msg="metal: Submit" buffers=2
time=2026-06-16T10:25:45.746+02:00 level=DEBUG msg="metal: submission completion handler registered" subIdx=166
time=2026-06-16T10:25:45.746+02:00 level=DEBUG msg="metal: frame completion handler registered"
time=2026-06-16T10:25:45.746+02:00 level=DEBUG msg="metal: surface texture acquired" drawable=5005495696 texture=5005349984 width=1600 height=1800
time=2026-06-16T10:25:45.746+02:00 level=DEBUG msg="metal: WaitIdle starting"
time=2026-06-16T10:25:45.750+02:00 level=DEBUG msg="metal: GPU completion tracking fired" blockID=331
time=2026-06-16T10:25:45.750+02:00 level=DEBUG msg="metal: frame completion fired" blockID=332
time=2026-06-16T10:25:45.750+02:00 level=DEBUG msg="metal: WaitIdle complete"
time=2026-06-16T10:25:45.750+02:00 level=DEBUG msg="metal: encoding started" label="(wgpu internal) pending writes"
time=2026-06-16T10:25:45.750+02:00 level=DEBUG msg="metal: encoding started" label=session_blit_encoder
time=2026-06-16T10:25:45.750+02:00 level=DEBUG msg="metal: encoding ended"
time=2026-06-16T10:25:45.750+02:00 level=DEBUG msg="metal: encoding ended"
time=2026-06-16T10:25:45.750+02:00 level=DEBUG msg="metal: Submit" buffers=2
time=2026-06-16T10:25:45.750+02:00 level=DEBUG msg="metal: submission completion handler registered" subIdx=167
time=2026-06-16T10:25:45.750+02:00 level=DEBUG msg="metal: frame completion handler registered"
time=2026-06-16T10:25:45.750+02:00 level=DEBUG msg="metal: Present"
time=2026-06-16T10:25:45.750+02:00 level=DEBUG msg="metal: presentDrawable committed"
time=2026-06-16T10:25:45.751+02:00 level=DEBUG msg="metal: GPU completion tracking fired" blockID=333
time=2026-06-16T10:25:45.751+02:00 level=DEBUG msg="metal: frame completion fired" blockID=334
time=2026-06-16T10:25:45.895+02:00 level=DEBUG msg="metal: WaitIdle starting"
time=2026-06-16T10:25:45.895+02:00 level=DEBUG msg="metal: WaitIdle complete"
time=2026-06-16T10:25:45.895+02:00 level=DEBUG msg="metal: encoding started" label="(wgpu internal) pending writes"
time=2026-06-16T10:25:45.895+02:00 level=DEBUG msg="metal: encoding started" label=session_surface_encoder
time=2026-06-16T10:25:45.896+02:00 level=DEBUG msg="metal: encoding ended"
time=2026-06-16T10:25:45.896+02:00 level=DEBUG msg="metal: encoding ended"
time=2026-06-16T10:25:45.896+02:00 level=DEBUG msg="metal: Submit" buffers=2
time=2026-06-16T10:25:45.896+02:00 level=DEBUG msg="metal: submission completion handler registered" subIdx=168
time=2026-06-16T10:25:45.896+02:00 level=DEBUG msg="metal: frame completion handler registered"
time=2026-06-16T10:25:45.896+02:00 level=DEBUG msg="metal: surface texture acquired" drawable=5745459056 texture=5745319152 width=1600 height=1800
time=2026-06-16T10:25:45.896+02:00 level=DEBUG msg="metal: WaitIdle starting"
time=2026-06-16T10:25:45.899+02:00 level=DEBUG msg="metal: GPU completion tracking fired" blockID=335
time=2026-06-16T10:25:45.899+02:00 level=DEBUG msg="metal: frame completion fired" blockID=336
time=2026-06-16T10:25:45.899+02:00 level=DEBUG msg="metal: WaitIdle complete"
time=2026-06-16T10:25:45.899+02:00 level=DEBUG msg="metal: encoding started" label="(wgpu internal) pending writes"
time=2026-06-16T10:25:45.899+02:00 level=DEBUG msg="metal: encoding started" label=session_blit_encoder
time=2026-06-16T10:25:45.900+02:00 level=DEBUG msg="metal: encoding ended"
time=2026-06-16T10:25:45.900+02:00 level=DEBUG msg="metal: encoding ended"
time=2026-06-16T10:25:45.900+02:00 level=DEBUG msg="metal: Submit" buffers=2
time=2026-06-16T10:25:45.900+02:00 level=DEBUG msg="metal: submission completion handler registered" subIdx=169
time=2026-06-16T10:25:45.900+02:00 level=DEBUG msg="metal: frame completion handler registered"
time=2026-06-16T10:25:45.900+02:00 level=DEBUG msg="metal: Present"
time=2026-06-16T10:25:45.900+02:00 level=DEBUG msg="metal: presentDrawable committed"
time=2026-06-16T10:25:45.900+02:00 level=DEBUG msg="metal: GPU completion tracking fired" blockID=337
time=2026-06-16T10:25:45.900+02:00 level=DEBUG msg="metal: frame completion fired" blockID=338
time=2026-06-16T10:25:46.378+02:00 level=DEBUG msg="metal: WaitIdle starting"
time=2026-06-16T10:25:46.378+02:00 level=DEBUG msg="metal: WaitIdle complete"
time=2026-06-16T10:25:46.379+02:00 level=DEBUG msg="metal: encoding started" label="(wgpu internal) pending writes"
time=2026-06-16T10:25:46.381+02:00 level=DEBUG msg="metal: encoding started" label=session_surface_encoder
time=2026-06-16T10:25:46.382+02:00 level=DEBUG msg="metal: encoding ended"
time=2026-06-16T10:25:46.382+02:00 level=DEBUG msg="metal: encoding ended"
time=2026-06-16T10:25:46.382+02:00 level=DEBUG msg="metal: Submit" buffers=2
time=2026-06-16T10:25:46.382+02:00 level=DEBUG msg="metal: submission completion handler registered" subIdx=170
time=2026-06-16T10:25:46.382+02:00 level=DEBUG msg="metal: frame completion handler registered"
time=2026-06-16T10:25:46.382+02:00 level=DEBUG msg="metal: surface texture acquired" drawable=5739953456 texture=5005349984 width=1600 height=1800
time=2026-06-16T10:25:46.382+02:00 level=DEBUG msg="metal: WaitIdle starting"
time=2026-06-16T10:25:46.386+02:00 level=DEBUG msg="metal: GPU completion tracking fired" blockID=339
time=2026-06-16T10:25:46.386+02:00 level=DEBUG msg="metal: frame completion fired" blockID=340
time=2026-06-16T10:25:46.386+02:00 level=DEBUG msg="metal: WaitIdle complete"
time=2026-06-16T10:25:46.387+02:00 level=DEBUG msg="metal: encoding started" label="(wgpu internal) pending writes"
time=2026-06-16T10:25:46.387+02:00 level=DEBUG msg="metal: encoding started" label=session_blit_encoder
time=2026-06-16T10:25:46.387+02:00 level=DEBUG msg="metal: encoding ended"
time=2026-06-16T10:25:46.387+02:00 level=DEBUG msg="metal: encoding ended"
time=2026-06-16T10:25:46.387+02:00 level=DEBUG msg="metal: Submit" buffers=2
time=2026-06-16T10:25:46.387+02:00 level=DEBUG msg="metal: submission completion handler registered" subIdx=171
time=2026-06-16T10:25:46.387+02:00 level=DEBUG msg="metal: frame completion handler registered"
time=2026-06-16T10:25:46.387+02:00 level=DEBUG msg="metal: Present"
time=2026-06-16T10:25:46.387+02:00 level=DEBUG msg="metal: presentDrawable committed"
time=2026-06-16T10:25:46.388+02:00 level=DEBUG msg="metal: GPU completion tracking fired" blockID=341
time=2026-06-16T10:25:46.388+02:00 level=DEBUG msg="metal: frame completion fired" blockID=342
time=2026-06-16T10:25:46.479+02:00 level=DEBUG msg="metal: WaitIdle starting"
time=2026-06-16T10:25:46.479+02:00 level=DEBUG msg="metal: WaitIdle complete"
time=2026-06-16T10:25:46.480+02:00 level=DEBUG msg="metal: encoding started" label="(wgpu internal) pending writes"
time=2026-06-16T10:25:46.480+02:00 level=DEBUG msg="metal: encoding started" label=session_surface_encoder
time=2026-06-16T10:25:46.481+02:00 level=DEBUG msg="metal: encoding ended"
time=2026-06-16T10:25:46.481+02:00 level=DEBUG msg="metal: encoding ended"
time=2026-06-16T10:25:46.481+02:00 level=DEBUG msg="metal: Submit" buffers=2
time=2026-06-16T10:25:46.481+02:00 level=DEBUG msg="metal: submission completion handler registered" subIdx=172
time=2026-06-16T10:25:46.481+02:00 level=DEBUG msg="metal: frame completion handler registered"
time=2026-06-16T10:25:46.481+02:00 level=DEBUG msg="metal: surface texture acquired" drawable=5085892976 texture=5745319152 width=1600 height=1800
time=2026-06-16T10:25:46.481+02:00 level=DEBUG msg="metal: WaitIdle starting"
time=2026-06-16T10:25:46.484+02:00 level=DEBUG msg="metal: GPU completion tracking fired" blockID=343
time=2026-06-16T10:25:46.484+02:00 level=DEBUG msg="metal: frame completion fired" blockID=344
time=2026-06-16T10:25:46.484+02:00 level=DEBUG msg="metal: WaitIdle complete"
time=2026-06-16T10:25:46.484+02:00 level=DEBUG msg="metal: encoding started" label="(wgpu internal) pending writes"
time=2026-06-16T10:25:46.484+02:00 level=DEBUG msg="metal: encoding started" label=session_blit_encoder
time=2026-06-16T10:25:46.484+02:00 level=DEBUG msg="metal: encoding ended"
time=2026-06-16T10:25:46.484+02:00 level=DEBUG msg="metal: encoding ended"
time=2026-06-16T10:25:46.484+02:00 level=DEBUG msg="metal: Submit" buffers=2
time=2026-06-16T10:25:46.484+02:00 level=DEBUG msg="metal: submission completion handler registered" subIdx=173
time=2026-06-16T10:25:46.484+02:00 level=DEBUG msg="metal: frame completion handler registered"
time=2026-06-16T10:25:46.485+02:00 level=DEBUG msg="metal: Present"
time=2026-06-16T10:25:46.485+02:00 level=DEBUG msg="metal: presentDrawable committed"
time=2026-06-16T10:25:46.486+02:00 level=DEBUG msg="metal: GPU completion tracking fired" blockID=345
time=2026-06-16T10:25:46.486+02:00 level=DEBUG msg="metal: frame completion fired" blockID=346
time=2026-06-16T10:25:47.935+02:00 level=DEBUG msg="metal: WaitIdle starting"
time=2026-06-16T10:25:47.935+02:00 level=DEBUG msg="metal: WaitIdle complete"
time=2026-06-16T10:25:47.936+02:00 level=DEBUG msg="metal: encoding started" label="(wgpu internal) pending writes"
time=2026-06-16T10:25:47.936+02:00 level=DEBUG msg="metal: encoding started" label=session_surface_encoder
time=2026-06-16T10:25:47.937+02:00 level=DEBUG msg="metal: encoding ended"
time=2026-06-16T10:25:47.937+02:00 level=DEBUG msg="metal: encoding ended"
time=2026-06-16T10:25:47.937+02:00 level=DEBUG msg="metal: Submit" buffers=2
time=2026-06-16T10:25:47.937+02:00 level=DEBUG msg="metal: submission completion handler registered" subIdx=174
time=2026-06-16T10:25:47.937+02:00 level=DEBUG msg="metal: frame completion handler registered"
time=2026-06-16T10:25:47.938+02:00 level=DEBUG msg="metal: surface texture acquired" drawable=5739948432 texture=5005349984 width=1600 height=1800
time=2026-06-16T10:25:47.938+02:00 level=DEBUG msg="metal: WaitIdle starting"
time=2026-06-16T10:25:47.946+02:00 level=DEBUG msg="metal: GPU completion tracking fired" blockID=347
time=2026-06-16T10:25:47.947+02:00 level=DEBUG msg="metal: frame completion fired" blockID=348
time=2026-06-16T10:25:47.947+02:00 level=DEBUG msg="metal: WaitIdle complete"
time=2026-06-16T10:25:47.947+02:00 level=DEBUG msg="metal: encoding started" label="(wgpu internal) pending writes"
time=2026-06-16T10:25:47.947+02:00 level=DEBUG msg="metal: encoding started" label=session_blit_encoder
time=2026-06-16T10:25:47.947+02:00 level=DEBUG msg="metal: encoding ended"
time=2026-06-16T10:25:47.947+02:00 level=DEBUG msg="metal: encoding ended"
time=2026-06-16T10:25:47.947+02:00 level=DEBUG msg="metal: Submit" buffers=2
time=2026-06-16T10:25:47.947+02:00 level=DEBUG msg="metal: submission completion handler registered" subIdx=175
time=2026-06-16T10:25:47.947+02:00 level=DEBUG msg="metal: frame completion handler registered"
time=2026-06-16T10:25:47.947+02:00 level=DEBUG msg="metal: Present"
time=2026-06-16T10:25:47.948+02:00 level=DEBUG msg="metal: presentDrawable committed"
time=2026-06-16T10:25:47.950+02:00 level=DEBUG msg="metal: GPU completion tracking fired" blockID=349
time=2026-06-16T10:25:47.950+02:00 level=DEBUG msg="metal: frame completion fired" blockID=350
time=2026-06-16T10:25:48.040+02:00 level=DEBUG msg="metal: WaitIdle starting"
time=2026-06-16T10:25:48.040+02:00 level=DEBUG msg="metal: WaitIdle complete"
time=2026-06-16T10:25:48.040+02:00 level=DEBUG msg="metal: encoding started" label="(wgpu internal) pending writes"
time=2026-06-16T10:25:48.041+02:00 level=DEBUG msg="metal: encoding started" label=session_surface_encoder
time=2026-06-16T10:25:48.041+02:00 level=DEBUG msg="metal: encoding ended"
time=2026-06-16T10:25:48.041+02:00 level=DEBUG msg="metal: encoding ended"
time=2026-06-16T10:25:48.041+02:00 level=DEBUG msg="metal: Submit" buffers=2
time=2026-06-16T10:25:48.041+02:00 level=DEBUG msg="metal: submission completion handler registered" subIdx=176
time=2026-06-16T10:25:48.041+02:00 level=DEBUG msg="metal: frame completion handler registered"
time=2026-06-16T10:25:48.041+02:00 level=DEBUG msg="metal: surface texture acquired" drawable=5745469088 texture=5745319152 width=1600 height=1800
time=2026-06-16T10:25:48.041+02:00 level=DEBUG msg="metal: WaitIdle starting"
time=2026-06-16T10:25:48.045+02:00 level=DEBUG msg="metal: GPU completion tracking fired" blockID=351
time=2026-06-16T10:25:48.045+02:00 level=DEBUG msg="metal: frame completion fired" blockID=352
time=2026-06-16T10:25:48.045+02:00 level=DEBUG msg="metal: WaitIdle complete"
time=2026-06-16T10:25:48.045+02:00 level=DEBUG msg="metal: encoding started" label="(wgpu internal) pending writes"
time=2026-06-16T10:25:48.045+02:00 level=DEBUG msg="metal: encoding started" label=session_blit_encoder
time=2026-06-16T10:25:48.045+02:00 level=DEBUG msg="metal: encoding ended"
time=2026-06-16T10:25:48.045+02:00 level=DEBUG msg="metal: encoding ended"
time=2026-06-16T10:25:48.045+02:00 level=DEBUG msg="metal: Submit" buffers=2
time=2026-06-16T10:25:48.045+02:00 level=DEBUG msg="metal: submission completion handler registered" subIdx=177
time=2026-06-16T10:25:48.045+02:00 level=DEBUG msg="metal: frame completion handler registered"
time=2026-06-16T10:25:48.045+02:00 level=DEBUG msg="metal: Present"
time=2026-06-16T10:25:48.045+02:00 level=DEBUG msg="metal: presentDrawable committed"
time=2026-06-16T10:25:48.046+02:00 level=DEBUG msg="metal: GPU completion tracking fired" blockID=353
time=2026-06-16T10:25:48.046+02:00 level=DEBUG msg="metal: frame completion fired" blockID=354
time=2026-06-16T10:25:49.285+02:00 level=DEBUG msg="metal: WaitIdle starting"
time=2026-06-16T10:25:49.285+02:00 level=DEBUG msg="metal: WaitIdle complete"
time=2026-06-16T10:25:49.286+02:00 level=DEBUG msg="metal: encoding started" label="(wgpu internal) pending writes"
time=2026-06-16T10:25:49.287+02:00 level=DEBUG msg="metal: encoding started" label=session_surface_encoder
time=2026-06-16T10:25:49.288+02:00 level=DEBUG msg="metal: encoding ended"
time=2026-06-16T10:25:49.288+02:00 level=DEBUG msg="metal: encoding ended"
time=2026-06-16T10:25:49.288+02:00 level=DEBUG msg="metal: Submit" buffers=2
time=2026-06-16T10:25:49.288+02:00 level=DEBUG msg="metal: submission completion handler registered" subIdx=178
time=2026-06-16T10:25:49.288+02:00 level=DEBUG msg="metal: frame completion handler registered"
time=2026-06-16T10:25:49.288+02:00 level=DEBUG msg="metal: surface texture acquired" drawable=5090881632 texture=5005349984 width=1600 height=1800
time=2026-06-16T10:25:49.288+02:00 level=DEBUG msg="metal: WaitIdle starting"
time=2026-06-16T10:25:49.296+02:00 level=DEBUG msg="metal: GPU completion tracking fired" blockID=355
time=2026-06-16T10:25:49.296+02:00 level=DEBUG msg="metal: frame completion fired" blockID=356
time=2026-06-16T10:25:49.297+02:00 level=DEBUG msg="metal: WaitIdle complete"
time=2026-06-16T10:25:49.297+02:00 level=DEBUG msg="metal: encoding started" label="(wgpu internal) pending writes"
time=2026-06-16T10:25:49.297+02:00 level=DEBUG msg="metal: encoding started" label=session_blit_encoder
time=2026-06-16T10:25:49.297+02:00 level=DEBUG msg="metal: encoding ended"
time=2026-06-16T10:25:49.297+02:00 level=DEBUG msg="metal: encoding ended"
time=2026-06-16T10:25:49.297+02:00 level=DEBUG msg="metal: Submit" buffers=2
time=2026-06-16T10:25:49.297+02:00 level=DEBUG msg="metal: submission completion handler registered" subIdx=179
time=2026-06-16T10:25:49.297+02:00 level=DEBUG msg="metal: frame completion handler registered"
time=2026-06-16T10:25:49.297+02:00 level=DEBUG msg="metal: Present"
time=2026-06-16T10:25:49.297+02:00 level=DEBUG msg="metal: presentDrawable committed"
time=2026-06-16T10:25:49.299+02:00 level=DEBUG msg="metal: GPU completion tracking fired" blockID=357
time=2026-06-16T10:25:49.299+02:00 level=DEBUG msg="metal: frame completion fired" blockID=358
time=2026-06-16T10:25:49.405+02:00 level=DEBUG msg="metal: WaitIdle starting"
time=2026-06-16T10:25:49.405+02:00 level=DEBUG msg="metal: WaitIdle complete"
time=2026-06-16T10:25:49.405+02:00 level=DEBUG msg="metal: encoding started" label="(wgpu internal) pending writes"
time=2026-06-16T10:25:49.406+02:00 level=DEBUG msg="metal: encoding started" label=session_surface_encoder
time=2026-06-16T10:25:49.406+02:00 level=DEBUG msg="metal: encoding ended"
time=2026-06-16T10:25:49.406+02:00 level=DEBUG msg="metal: encoding ended"
time=2026-06-16T10:25:49.406+02:00 level=DEBUG msg="metal: Submit" buffers=2
time=2026-06-16T10:25:49.406+02:00 level=DEBUG msg="metal: submission completion handler registered" subIdx=180
time=2026-06-16T10:25:49.406+02:00 level=DEBUG msg="metal: frame completion handler registered"
time=2026-06-16T10:25:49.406+02:00 level=DEBUG msg="metal: surface texture acquired" drawable=5005497344 texture=5745319152 width=1600 height=1800
time=2026-06-16T10:25:49.406+02:00 level=DEBUG msg="metal: WaitIdle starting"
time=2026-06-16T10:25:49.410+02:00 level=DEBUG msg="metal: GPU completion tracking fired" blockID=359
time=2026-06-16T10:25:49.410+02:00 level=DEBUG msg="metal: frame completion fired" blockID=360
time=2026-06-16T10:25:49.410+02:00 level=DEBUG msg="metal: WaitIdle complete"
time=2026-06-16T10:25:49.410+02:00 level=DEBUG msg="metal: encoding started" label="(wgpu internal) pending writes"
time=2026-06-16T10:25:49.410+02:00 level=DEBUG msg="metal: encoding started" label=session_blit_encoder
time=2026-06-16T10:25:49.410+02:00 level=DEBUG msg="metal: encoding ended"
time=2026-06-16T10:25:49.410+02:00 level=DEBUG msg="metal: encoding ended"
time=2026-06-16T10:25:49.410+02:00 level=DEBUG msg="metal: Submit" buffers=2
time=2026-06-16T10:25:49.410+02:00 level=DEBUG msg="metal: submission completion handler registered" subIdx=181
time=2026-06-16T10:25:49.410+02:00 level=DEBUG msg="metal: frame completion handler registered"
time=2026-06-16T10:25:49.410+02:00 level=DEBUG msg="metal: Present"
time=2026-06-16T10:25:49.410+02:00 level=DEBUG msg="metal: presentDrawable committed"
time=2026-06-16T10:25:49.411+02:00 level=DEBUG msg="metal: GPU completion tracking fired" blockID=361
time=2026-06-16T10:25:49.411+02:00 level=DEBUG msg="metal: frame completion fired" blockID=362
time=2026-06-16T10:26:15.750+02:00 level=DEBUG msg="metal: WaitIdle starting"
time=2026-06-16T10:26:15.750+02:00 level=DEBUG msg="metal: WaitIdle complete"
time=2026-06-16T10:26:15.750+02:00 level=DEBUG msg="metal: encoding started" label="(wgpu internal) pending writes"
time=2026-06-16T10:26:15.752+02:00 level=DEBUG msg="metal: encoding started" label=session_surface_encoder
time=2026-06-16T10:26:15.752+02:00 level=DEBUG msg="metal: encoding ended"
time=2026-06-16T10:26:15.752+02:00 level=DEBUG msg="metal: encoding ended"
time=2026-06-16T10:26:15.752+02:00 level=DEBUG msg="metal: Submit" buffers=2
time=2026-06-16T10:26:15.752+02:00 level=DEBUG msg="metal: submission completion handler registered" subIdx=182
time=2026-06-16T10:26:15.753+02:00 level=DEBUG msg="metal: frame completion handler registered"
time=2026-06-16T10:26:15.753+02:00 level=DEBUG msg="metal: surface texture acquired" drawable=5089843024 texture=5005349984 width=1600 height=1800
time=2026-06-16T10:26:15.753+02:00 level=DEBUG msg="metal: WaitIdle starting"
time=2026-06-16T10:26:15.765+02:00 level=DEBUG msg="metal: GPU completion tracking fired" blockID=363
time=2026-06-16T10:26:15.765+02:00 level=DEBUG msg="metal: frame completion fired" blockID=364
time=2026-06-16T10:26:15.765+02:00 level=DEBUG msg="metal: WaitIdle complete"
time=2026-06-16T10:26:15.765+02:00 level=DEBUG msg="metal: encoding started" label="(wgpu internal) pending writes"
time=2026-06-16T10:26:15.766+02:00 level=DEBUG msg="metal: encoding started" label=session_blit_encoder
time=2026-06-16T10:26:15.766+02:00 level=DEBUG msg="metal: encoding ended"
time=2026-06-16T10:26:15.766+02:00 level=DEBUG msg="metal: encoding ended"
time=2026-06-16T10:26:15.766+02:00 level=DEBUG msg="metal: Submit" buffers=2
time=2026-06-16T10:26:15.766+02:00 level=DEBUG msg="metal: submission completion handler registered" subIdx=183
time=2026-06-16T10:26:15.766+02:00 level=DEBUG msg="metal: frame completion handler registered"
time=2026-06-16T10:26:15.766+02:00 level=DEBUG msg="metal: Present"
time=2026-06-16T10:26:15.767+02:00 level=DEBUG msg="metal: presentDrawable committed"
time=2026-06-16T10:26:15.769+02:00 level=DEBUG msg="metal: GPU completion tracking fired" blockID=365
time=2026-06-16T10:26:15.769+02:00 level=DEBUG msg="metal: frame completion fired" blockID=366
time=2026-06-16T10:26:16.462+02:00 level=DEBUG msg="metal: WaitIdle starting"
time=2026-06-16T10:26:16.462+02:00 level=DEBUG msg="metal: WaitIdle complete"
time=2026-06-16T10:26:16.462+02:00 level=DEBUG msg="metal: encoding started" label="(wgpu internal) pending writes"
time=2026-06-16T10:26:16.463+02:00 level=DEBUG msg="metal: encoding started" label=session_surface_encoder
time=2026-06-16T10:26:16.463+02:00 level=DEBUG msg="metal: encoding ended"
time=2026-06-16T10:26:16.463+02:00 level=DEBUG msg="metal: encoding ended"
time=2026-06-16T10:26:16.463+02:00 level=DEBUG msg="metal: Submit" buffers=2
time=2026-06-16T10:26:16.463+02:00 level=DEBUG msg="metal: submission completion handler registered" subIdx=184
time=2026-06-16T10:26:16.463+02:00 level=DEBUG msg="metal: frame completion handler registered"
time=2026-06-16T10:26:16.464+02:00 level=DEBUG msg="metal: surface texture acquired" drawable=5005499472 texture=5745319152 width=1600 height=1800
time=2026-06-16T10:26:16.464+02:00 level=DEBUG msg="metal: WaitIdle starting"
time=2026-06-16T10:26:16.466+02:00 level=DEBUG msg="metal: GPU completion tracking fired" blockID=367
time=2026-06-16T10:26:16.466+02:00 level=DEBUG msg="metal: frame completion fired" blockID=368
time=2026-06-16T10:26:16.466+02:00 level=DEBUG msg="metal: WaitIdle complete"
time=2026-06-16T10:26:16.466+02:00 level=DEBUG msg="metal: encoding started" label="(wgpu internal) pending writes"
time=2026-06-16T10:26:16.466+02:00 level=DEBUG msg="metal: encoding started" label=session_blit_encoder
time=2026-06-16T10:26:16.466+02:00 level=DEBUG msg="metal: encoding ended"
time=2026-06-16T10:26:16.466+02:00 level=DEBUG msg="metal: encoding ended"
time=2026-06-16T10:26:16.466+02:00 level=DEBUG msg="metal: Submit" buffers=2
time=2026-06-16T10:26:16.466+02:00 level=DEBUG msg="metal: submission completion handler registered" subIdx=185
time=2026-06-16T10:26:16.466+02:00 level=DEBUG msg="metal: frame completion handler registered"
time=2026-06-16T10:26:16.466+02:00 level=DEBUG msg="metal: Present"
time=2026-06-16T10:26:16.467+02:00 level=DEBUG msg="metal: presentDrawable committed"
time=2026-06-16T10:26:16.468+02:00 level=DEBUG msg="metal: GPU completion tracking fired" blockID=369
time=2026-06-16T10:26:16.468+02:00 level=DEBUG msg="metal: frame completion fired" blockID=370
